-- MySQL dump 10.16  Distrib 10.1.44-MariaDB, for debian-linux-gnu (x86_64)
--
-- Host: localhost    Database: deer_radio
-- ------------------------------------------------------
-- Server version	10.1.44-MariaDB-0ubuntu0.18.04.1

/*!40101 SET @OLD_CHARACTER_SET_CLIENT=@@CHARACTER_SET_CLIENT */;
/*!40101 SET @OLD_CHARACTER_SET_RESULTS=@@CHARACTER_SET_RESULTS */;
/*!40101 SET @OLD_COLLATION_CONNECTION=@@COLLATION_CONNECTION */;
/*!40101 SET NAMES utf8mb4 */;
/*!40103 SET @OLD_TIME_ZONE=@@TIME_ZONE */;
/*!40103 SET TIME_ZONE='+00:00' */;
/*!40014 SET @OLD_UNIQUE_CHECKS=@@UNIQUE_CHECKS, UNIQUE_CHECKS=0 */;
/*!40014 SET @OLD_FOREIGN_KEY_CHECKS=@@FOREIGN_KEY_CHECKS, FOREIGN_KEY_CHECKS=0 */;
/*!40101 SET @OLD_SQL_MODE=@@SQL_MODE, SQL_MODE='NO_AUTO_VALUE_ON_ZERO' */;
/*!40111 SET @OLD_SQL_NOTES=@@SQL_NOTES, SQL_NOTES=0 */;

--
-- Table structure for table `albums`
--

DROP TABLE IF EXISTS `albums`;
/*!40101 SET @saved_cs_client     = @@character_set_client */;
/*!40101 SET character_set_client = utf8 */;
CREATE TABLE `albums` (
  `id` bigint(20) NOT NULL AUTO_INCREMENT,
  `author_id` bigint(20) DEFAULT NULL,
  `title` varchar(255) COLLATE utf8mb4_unicode_ci NOT NULL,
  `year` int(11) NOT NULL,
  PRIMARY KEY (`id`),
  KEY `author_id` (`author_id`),
  CONSTRAINT `albums_ibfk_1` FOREIGN KEY (`author_id`) REFERENCES `authors` (`id`)
) ENGINE=InnoDB AUTO_INCREMENT=83 DEFAULT CHARSET=utf8mb4 COLLATE=utf8mb4_unicode_ci;
/*!40101 SET character_set_client = @saved_cs_client */;

--
-- Dumping data for table `albums`
--

LOCK TABLES `albums` WRITE;
/*!40000 ALTER TABLE `albums` DISABLE KEYS */;
INSERT INTO `albums` VALUES (1,1,'One With The Void Again',2018),(2,2,'2012 Collection',2012),(3,3,'Vegleitir',2018),(4,3,'Bregðask i',2018),(5,4,'Vessel',2018),(6,5,'The Showdown - Single',2014),(7,6,'The Decipher Volumes',2013),(8,8,'1​/​1​/​2017',2017),(9,10,'Odyssey オデッセイ',2018),(10,11,'Cadence',2016),(11,12,'Trapped In A Dream',2016),(12,12,'Sanctum',2015),(13,12,'INNER WAR',2014),(14,13,'Between The Rings',2017),(15,13,'A Moment Of Stillness',2011),(16,12,'METAMORPHOSIS',2015),(17,12,'Catharsis',2016),(18,13,'Light Years',2013),(19,6,'Symphonies',2016),(20,11,'hex phase',2015),(21,14,'Era2',2016),(22,14,'Era3',2017),(23,14,'Era4',2018),(24,6,'Evasive',2015),(25,17,'The Beating Heart EP',2018),(26,6,'In Remission',2016),(27,18,'The Way Home',2009),(28,18,'Shadows Of The Past',2012),(29,18,'Imminence',2013),(30,19,'Death rattle',2018),(31,19,'Enlightenment',2016),(32,19,'Time forgot',2016),(33,19,'Still at star',2017),(34,19,'Unnecessary',2017),(35,19,'Under the black sun',2017),(36,20,'ALPHABOT Version 1.0.2',2018),(37,21,'Redline',2010),(38,22,'Annihilation',2016),(39,23,'DJ​-​Kicks: Forest Swords',2018),(41,24,'Origins (2011​-​2016)',2017),(42,25,'Mannavegr',2017),(43,27,'Beast, Please Be Still',2007),(44,25,'Munarvagr',2017),(45,28,'Exaltation',2018),(48,32,'Icon',2013),(49,25,'Fridr',2018),(50,31,'Free',2013),(51,33,'Volume 2 - Planes Of Existence',2012),(52,35,'The new Vice City',2017),(53,36,'THE NEW DAWN',2017),(55,6,'Infra Versus Ultra',2014),(56,39,'A Long Lost Silence',2018),(57,40,'Fragmented',2014),(58,42,'Renegade',2017),(59,43,'No Land Called Home',2010),(60,40,'Flaneur EP',2013),(61,44,'Sleeping Bear',2014),(62,19,'Nonsensical',2018),(63,45,'Celtic Journey',2016),(64,47,'Vangheimr',2019),(65,50,'Tales of the night forest',2018),(66,33,'FUTURE GHOSTS',2014),(67,28,'Threads of Fate',2015),(68,52,'BEYOND THE GATE OF HELL LP',2015),(69,53,'Valley of shadows',2019),(70,54,'History is Violent',2019),(71,55,'Solstice',2017),(72,56,'Forsaken',2019),(73,57,'The Last',2019),(74,58,'Empty Room',2010),(75,59,'Disorganized Fun',2009),(76,60,'0',2014),(77,60,'Hávallagata 30 EP',2014),(78,61,'Numinous',2016),(79,62,'Final Breath',2013),(80,1,'Midnight Meditations',2020),(81,54,'Carry Us Away',2020),(82,63,'Mercurio • Argento',2019);
/*!40000 ALTER TABLE `albums` ENABLE KEYS */;
UNLOCK TABLES;

--
-- Table structure for table `author_links`
--

DROP TABLE IF EXISTS `author_links`;
/*!40101 SET @saved_cs_client     = @@character_set_client */;
/*!40101 SET character_set_client = utf8 */;
CREATE TABLE `author_links` (
  `id` int(10) unsigned NOT NULL AUTO_INCREMENT,
  `author_id` int(10) unsigned NOT NULL,
  `link` varchar(255) COLLATE utf8mb4_unicode_ci NOT NULL,
  PRIMARY KEY (`id`)
) ENGINE=InnoDB AUTO_INCREMENT=91 DEFAULT CHARSET=utf8mb4 COLLATE=utf8mb4_unicode_ci;
/*!40101 SET character_set_client = @saved_cs_client */;

--
-- Dumping data for table `author_links`
--

LOCK TABLES `author_links` WRITE;
/*!40000 ALTER TABLE `author_links` DISABLE KEYS */;
INSERT INTO `author_links` VALUES (1,1,'https://daniellehmann.bandcamp.com'),(2,2,'https://music.tomday.me'),(3,3,'https://fuimadane.bandcamp.com'),(4,4,'https://lunaticofficial.bandcamp.com'),(5,5,'https://soundcloud.com/novahofficial'),(6,6,'https://neurotech.bandcamp.com'),(7,7,'https://neurowulf.bandcamp.com'),(8,8,'https://arvoparty.bandcamp.com'),(9,9,'https://soundcloud.com/errorist_music'),(10,10,'https://samoandco.bandcamp.com'),(11,11,'https://neonshudder.bandcamp.com'),(12,12,'https://www.youtube.com/user/scud90'),(13,13,'http://stellardrone.bandcamp.com'),(14,14,'http://dreamstatelogic.com'),(15,15,'https://soundcloud.com/phasednb'),(16,16,'http://dig.ccmixter.org/people/illi'),(17,17,'https://robertoaks.bandcamp.com'),(18,18,'http://sleepdealer.bandcamp.com'),(19,19,'https://vk.com/birdsdiealone'),(20,20,'https://soundspace.co/ALPHABOT'),(21,21,'https://lazerhawk.bandcamp.com'),(22,22,'https://ivandominik.bandcamp.com'),(23,23,'https://forestswords.bandcamp.com'),(24,24,'https://uppermost.bandcamp.com'),(25,25,'http://danheim.bandcamp.com'),(26,26,'https://infunicorn.bandcamp.com'),(27,27,'https://beastpleasebestill.bandcamp.com'),(28,28,'https://atropa.bandcamp.com'),(29,29,'https://www.youtube.com/user/MrVikingmani'),(30,30,'https://rone-music.bandcamp.com'),(31,31,'https://soundcloud.com/int_company'),(32,32,'http://riverbones.bandcamp.com'),(33,33,'http://sidewalksandskeletons.bandcamp.com'),(34,34,'http://www.viodance.com'),(35,35,'https://kotovsky86.bandcamp.com'),(36,36,'https://jeremiahkane.bandcamp.com'),(37,37,'http://www.tearsoftechnology.com'),(38,38,'https://soundcloud.com/skinnylocalmusic'),(39,39,'https://theresalight.bandcamp.com'),(40,40,'https://evocativ.bandcamp.com'),(41,41,'http://divider.bandcamp.com'),(42,42,'https://decadedefector.bandcamp.com'),(43,43,'https://subheim.bandcamp.com'),(44,44,'https://sbear.bandcamp.com'),(45,45,'https://filiplackovic.bandcamp.com'),(46,46,'https://soundcloud.com/bdosne'),(47,47,'https://www.youtube.com/c/Runfell'),(48,48,'https://www.arnandersson.com'),(49,49,'https://hazymusic.bandcamp.com'),(50,50,'https://blackhill1.bandcamp.com'),(51,51,'https://soundcloud.com/perkiilstofte'),(52,52,'https://wearethehunt.bandcamp.com'),(53,53,'https://stvannyr.bandcamp.com'),(54,54,'https://darkfieldmusic.bandcamp.com'),(55,55,'https://astralia.bandcamp.com'),(56,56,'https://tisamooo.bandcamp.com'),(57,57,'https://alneapostrock.bandcamp.com'),(58,58,'https://music.zackhemsey.com'),(59,58,'https://www.zackhemsey.com'),(60,58,'https://www.facebook.com/zackhemseymusic'),(61,58,'https://twitter.com/zack_hemsey'),(62,59,'https://ronaldjenkees.bandcamp.com'),(63,59,'https://www.instagram.com/rjenkees'),(64,59,'https://www.patreon.com/Jenkees'),(65,59,'http://www.ronaldjenkees.com'),(66,60,'http://www.lowroarmusic.com'),(67,60,'https://www.facebook.com/lowroar.music'),(68,60,'https://www.instagram.com/lowroar'),(69,60,'https://twitter.com/LOWROAR'),(70,60,'https://open.spotify.com/user/lowroarmusic'),(71,60,'https://itunes.apple.com/us/artist/low-roar/id475538413'),(72,61,'https://thosewhoridewithgiants.bandcamp.com'),(73,61,'https://thosewhoridewithgiants.com'),(74,61,'https://www.facebook.com/ThoseWhoRideWithGiants'),(75,62,'https://breakmyfuckingsky.bandcamp.com'),(76,62,'https://www.flickr.com/photos/bmfsru'),(78,62,'https://soundcloud.com/bmfsru'),(80,62,'https://www.facebook.com/bmfsru'),(81,62,'https://vk.com/breakmyfuckingsky'),(82,14,'https://dreamstatelogic.bandcamp.com'),(83,14,'https://www.youtube.com/dreamstatelogic'),(84,14,'https://soundcloud.com/dreamstatelogic'),(85,14,'https://www.facebook.com/dreamstatelogic'),(86,14,'https://www.instagram.com/dreamstatelogic'),(87,14,'https://open.spotify.com/artist/28v6aJcwl6Wvm6MH6gINzN'),(88,63,'https://www.facebook.com/australasiamusic'),(89,63,'https://australasia.bandcamp.com'),(90,63,'https://soundcloud.com/australasia');
/*!40000 ALTER TABLE `author_links` ENABLE KEYS */;
UNLOCK TABLES;

--
-- Table structure for table `authors`
--

DROP TABLE IF EXISTS `authors`;
/*!40101 SET @saved_cs_client     = @@character_set_client */;
/*!40101 SET character_set_client = utf8 */;
CREATE TABLE `authors` (
  `id` bigint(20) NOT NULL AUTO_INCREMENT,
  `name` varchar(255) COLLATE utf8mb4_unicode_ci NOT NULL,
  `is_active` tinyint(4) NOT NULL DEFAULT '1',
  `played_at` timestamp NULL DEFAULT NULL,
  `finished_at` timestamp NULL DEFAULT NULL,
  `played_count` bigint(20) NOT NULL DEFAULT '0',
  `website` varchar(96) COLLATE utf8mb4_unicode_ci DEFAULT NULL,
  `unsplash_search_query` varchar(255) COLLATE utf8mb4_unicode_ci DEFAULT NULL,
  PRIMARY KEY (`id`),
  KEY `_idx_finished_at` (`finished_at`)
) ENGINE=InnoDB AUTO_INCREMENT=64 DEFAULT CHARSET=utf8mb4 COLLATE=utf8mb4_unicode_ci;
/*!40101 SET character_set_client = @saved_cs_client */;

--
-- Dumping data for table `authors`
--

LOCK TABLES `authors` WRITE;
/*!40000 ALTER TABLE `authors` DISABLE KEYS */;
INSERT INTO `authors` VALUES (1,'Daniel Lehmann',1,'2020-12-19 17:04:09','2020-12-19 17:08:21',13003,'https://daniellehmann.bandcamp.com',''),(2,'Tom Day',1,'2020-12-19 14:58:06','2020-12-19 15:04:57',4586,'https://music.tomday.me',''),(3,'Fuimadane',1,'2020-12-19 16:59:21','2020-12-19 17:04:09',5058,'https://fuimadane.bandcamp.com',''),(4,'LUNATIC',1,'2020-12-19 09:26:09','2020-12-19 09:33:34',556,'https://lunaticofficial.bandcamp.com',''),(5,'NOVAH',1,'2020-12-19 13:55:34','2020-12-19 13:59:38',478,'https://soundcloud.com/novahofficial',''),(6,'Neurotech',1,'2020-12-19 16:55:10','2020-12-19 16:59:21',10003,'https://neurotech.bandcamp.com',''),(7,'NeuroWulf',1,NULL,NULL,0,'https://neurowulf.bandcamp.com',''),(8,'Arvo Party',1,'2020-12-19 03:18:57','2020-12-19 03:25:29',476,'https://arvoparty.bandcamp.com',''),(9,'ERRORIST',1,'2020-12-19 15:09:16','2020-12-19 15:15:08',477,'https://soundcloud.com/errorist_music',''),(10,'Samo & Co',1,'2020-12-19 14:21:57','2020-12-19 14:28:03',481,'https://samoandco.bandcamp.com',''),(11,'Neon Shudder',1,'2020-12-19 15:50:11','2020-12-19 15:53:27',1885,'https://neonshudder.bandcamp.com',''),(12,'RoughNX',1,'2020-12-19 16:33:22','2020-12-19 16:36:51',10472,'https://www.youtube.com/user/scud90',''),(13,'Stellardrone',1,'2020-12-19 07:36:45','2020-12-19 07:42:20',4172,'http://stellardrone.bandcamp.com','galaxy universe'),(14,'Dreamstate Logic',1,'2020-12-19 17:14:40','2020-12-19 16:26:50',10340,'http://dreamstatelogic.com','galaxy universe'),(15,'Phase',1,'2020-12-19 15:42:30','2020-12-19 15:47:00',857,'https://soundcloud.com/phasednb',''),(17,'Robert Oaks',0,'2020-04-18 23:19:08','2020-04-18 23:27:09',21,'https://robertoaks.bandcamp.com',''),(18,'Sleep Dealer',1,'2020-12-19 16:36:51','2020-12-19 16:42:35',7835,'http://sleepdealer.bandcamp.com',''),(19,'Birds Die Alone',1,'2020-12-19 16:45:54','2020-12-19 16:49:23',18033,'https://vk.com/birdsdiealone',''),(20,'ALPHABOT',1,'2020-12-19 12:10:22','2020-12-19 12:13:40',1593,'https://soundspace.co/ALPHABOT',''),(21,'Lazerhawk',1,'2020-12-19 08:52:30','2020-12-19 08:56:34',418,'https://lazerhawk.bandcamp.com',''),(22,'Ivan Dominik',1,'2020-12-18 19:07:19','2020-12-18 19:11:16',423,'https://ivandominik.bandcamp.com',''),(23,'Forest Swords',1,'2020-04-02 21:33:04','2020-04-02 21:37:01',591,'https://forestswords.bandcamp.com',''),(24,'Uppermost',1,'2020-12-19 03:36:19','2020-12-19 03:41:50',879,'https://uppermost.bandcamp.com',''),(25,'Danheim',1,'2020-12-19 16:02:57','2020-12-19 16:07:07',14283,'http://danheim.bandcamp.com',''),(26,'Iиfected Uиicorn',1,'2020-12-18 19:27:05','2020-12-18 19:31:29',795,'https://infunicorn.bandcamp.com',''),(27,'Beast, Please Be Still',1,'2020-12-19 06:47:55','2020-12-19 06:50:58',683,'https://beastpleasebestill.bandcamp.com',''),(28,'Fraunhofer Diffraction',1,'2020-12-19 04:33:21','2020-12-19 04:41:06',4259,'https://atropa.bandcamp.com',''),(29,'Veratýs Burr',1,'2020-12-19 06:18:20','2020-12-19 06:22:25',818,'https://www.youtube.com/user/MrVikingmani',''),(31,'Int Company',1,'2020-12-19 10:45:15','2020-12-19 10:51:35',1804,'https://soundcloud.com/int_company',''),(32,'River Bones',1,'2020-12-19 03:41:50','2020-12-19 03:45:43',1181,'http://riverbones.bandcamp.com',''),(33,'Sidewalks and Skeletons',1,'2020-12-19 09:01:07','2020-12-19 09:04:29',732,'http://sidewalksandskeletons.bandcamp.com',''),(34,'VioDance',1,'2020-12-19 11:06:13','2020-12-19 11:09:42',765,'http://www.viodance.com',''),(35,'Kotovsky \'86',1,'2020-12-19 13:21:05','2020-12-19 13:24:47',767,'https://kotovsky86.bandcamp.com',''),(36,'JEREMIAH KANE',1,'2020-12-19 10:02:52','2020-12-19 10:06:46',1142,'https://jeremiahkane.bandcamp.com',''),(38,'Skinny Local',1,'2020-12-19 11:02:05','2020-12-19 11:06:13',385,'https://soundcloud.com/skinnylocalmusic',''),(39,'There\'s A Light',1,NULL,NULL,0,'https://theresalight.bandcamp.com',''),(40,'Evocativ',1,'2020-12-19 16:11:07','2020-12-19 16:13:30',5111,'https://evocativ.bandcamp.com',''),(41,'Divider',1,'2020-12-18 18:02:28','2020-12-18 18:10:20',741,'http://divider.bandcamp.com',''),(42,'Decade Defector',1,'2020-05-25 15:37:37','2020-05-25 15:42:31',720,'https://decadedefector.bandcamp.com',''),(43,'Subheim',1,'2020-12-19 12:00:56','2020-12-19 12:07:13',1469,'https://subheim.bandcamp.com',''),(44,'Sleeping Bear',1,'2020-12-19 13:46:17','2020-12-19 13:50:16',4187,'https://sbear.bandcamp.com',''),(45,'Filip Lackovic',1,'2020-12-19 00:51:03','2020-12-19 00:53:26',741,'https://filiplackovic.bandcamp.com',''),(46,'Timepilot',1,'2020-12-19 15:04:57','2020-12-19 15:09:16',712,'https://soundcloud.com/bdosne',''),(47,'Rúnfell',1,'2020-12-19 02:20:00','2020-12-19 02:23:43',1048,'https://www.youtube.com/c/Runfell',''),(48,'Arn Andersson',1,'2020-12-19 16:26:50','2020-12-19 16:33:22',1050,'https://www.arnandersson.com',''),(49,'Hazy',1,'2020-12-19 10:22:13','2020-12-19 10:27:44',1386,'https://hazymusic.bandcamp.com',''),(50,'Black Hill & Silent Island',1,'2020-12-19 11:47:01','2020-12-19 11:50:45',3073,'https://blackhill1.bandcamp.com',''),(51,'Per Kiilstofte',1,'2020-12-19 05:34:09','2020-12-19 05:37:32',327,'https://soundcloud.com/perkiilstofte',''),(52,'THE HUNT',1,'2020-12-18 22:30:24','2020-12-18 22:33:51',648,'https://wearethehunt.bandcamp.com',''),(53,'Stvannyr',1,'2020-12-19 10:20:43','2020-12-19 10:22:13',2855,'https://stvannyr.bandcamp.com',''),(54,'Darkfield',1,'2020-12-19 15:58:18','2020-12-19 16:02:57',5016,'https://darkfieldmusic.bandcamp.com',''),(55,'Astralia',1,'2020-12-19 16:49:23','2020-12-19 16:55:10',2157,'https://astralia.bandcamp.com',''),(56,'tisamoo',1,'2020-12-19 11:38:40','2020-12-19 11:47:01',234,'https://tisamooo.bandcamp.com',''),(57,'Alnea',1,'2020-12-19 17:08:21','2020-12-19 17:14:40',2163,'https://alneapostrock.bandcamp.com',''),(58,'Zack Hemsey',1,'2020-12-19 13:32:01','2020-12-19 13:36:45',4537,NULL,''),(59,'Ronald Jenkees',1,'2020-12-18 23:00:49','2020-12-18 23:05:11',984,NULL,''),(60,'Low Roar',1,'2020-12-19 10:27:44','2020-12-19 10:33:32',495,NULL,''),(61,'Those Who Ride With Giants',1,'2020-12-19 15:47:00','2020-12-19 15:50:11',3702,NULL,''),(62,'Break My Fucking Sky',1,'2020-12-19 16:42:35','2020-12-19 16:45:54',3845,NULL,''),(63,'Australasia',1,'2020-12-19 04:51:58','2020-12-19 04:57:58',126,NULL,NULL);
/*!40000 ALTER TABLE `authors` ENABLE KEYS */;
UNLOCK TABLES;

--
-- Table structure for table `categories`
--

DROP TABLE IF EXISTS `categories`;
/*!40101 SET @saved_cs_client     = @@character_set_client */;
/*!40101 SET character_set_client = utf8 */;
CREATE TABLE `categories` (
  `id` int(10) unsigned NOT NULL AUTO_INCREMENT,
  `parent_id` int(10) unsigned DEFAULT NULL,
  `order` int(11) NOT NULL DEFAULT '1',
  `name` varchar(191) COLLATE utf8mb4_unicode_ci NOT NULL,
  `slug` varchar(191) COLLATE utf8mb4_unicode_ci NOT NULL,
  `created_at` timestamp NULL DEFAULT NULL,
  `updated_at` timestamp NULL DEFAULT NULL,
  PRIMARY KEY (`id`),
  UNIQUE KEY `categories_slug_unique` (`slug`),
  KEY `categories_parent_id_foreign` (`parent_id`),
  CONSTRAINT `categories_parent_id_foreign` FOREIGN KEY (`parent_id`) REFERENCES `categories` (`id`) ON DELETE SET NULL ON UPDATE CASCADE
) ENGINE=InnoDB AUTO_INCREMENT=3 DEFAULT CHARSET=utf8mb4 COLLATE=utf8mb4_unicode_ci;
/*!40101 SET character_set_client = @saved_cs_client */;

--
-- Dumping data for table `categories`
--

LOCK TABLES `categories` WRITE;
/*!40000 ALTER TABLE `categories` DISABLE KEYS */;
INSERT INTO `categories` VALUES (1,NULL,1,'Category 1','category-1','2019-01-20 00:40:20','2019-01-20 00:40:20'),(2,NULL,1,'Category 2','category-2','2019-01-20 00:40:20','2019-01-20 00:40:20');
/*!40000 ALTER TABLE `categories` ENABLE KEYS */;
UNLOCK TABLES;

--
-- Table structure for table `data_rows`
--

DROP TABLE IF EXISTS `data_rows`;
/*!40101 SET @saved_cs_client     = @@character_set_client */;
/*!40101 SET character_set_client = utf8 */;
CREATE TABLE `data_rows` (
  `id` int(10) unsigned NOT NULL AUTO_INCREMENT,
  `data_type_id` int(10) unsigned NOT NULL,
  `field` varchar(191) COLLATE utf8mb4_unicode_ci NOT NULL,
  `type` varchar(191) COLLATE utf8mb4_unicode_ci NOT NULL,
  `display_name` varchar(191) COLLATE utf8mb4_unicode_ci NOT NULL,
  `required` tinyint(1) NOT NULL DEFAULT '0',
  `browse` tinyint(1) NOT NULL DEFAULT '1',
  `read` tinyint(1) NOT NULL DEFAULT '1',
  `edit` tinyint(1) NOT NULL DEFAULT '1',
  `add` tinyint(1) NOT NULL DEFAULT '1',
  `delete` tinyint(1) NOT NULL DEFAULT '1',
  `details` text COLLATE utf8mb4_unicode_ci,
  `order` int(11) NOT NULL DEFAULT '1',
  PRIMARY KEY (`id`),
  KEY `data_rows_data_type_id_foreign` (`data_type_id`),
  CONSTRAINT `data_rows_data_type_id_foreign` FOREIGN KEY (`data_type_id`) REFERENCES `data_types` (`id`) ON DELETE CASCADE ON UPDATE CASCADE
) ENGINE=InnoDB AUTO_INCREMENT=125 DEFAULT CHARSET=utf8mb4 COLLATE=utf8mb4_unicode_ci;
/*!40101 SET character_set_client = @saved_cs_client */;

--
-- Dumping data for table `data_rows`
--

LOCK TABLES `data_rows` WRITE;
/*!40000 ALTER TABLE `data_rows` DISABLE KEYS */;
INSERT INTO `data_rows` VALUES (1,1,'id','number','ID',1,0,0,0,0,0,NULL,1),(2,1,'name','text','Name',1,1,1,1,1,1,NULL,2),(3,1,'email','text','Email',1,1,1,1,1,1,NULL,3),(4,1,'password','password','Password',1,0,0,1,1,0,NULL,4),(5,1,'remember_token','text','Remember Token',0,0,0,0,0,0,NULL,5),(6,1,'created_at','timestamp','Created At',0,1,1,0,0,0,NULL,6),(7,1,'updated_at','timestamp','Updated At',0,0,0,0,0,0,NULL,7),(8,1,'avatar','image','Avatar',0,1,1,1,1,1,NULL,8),(9,1,'user_belongsto_role_relationship','relationship','Role',0,1,1,1,1,0,'{\"model\":\"TCG\\\\Voyager\\\\Models\\\\Role\",\"table\":\"roles\",\"type\":\"belongsTo\",\"column\":\"role_id\",\"key\":\"id\",\"label\":\"display_name\",\"pivot_table\":\"roles\",\"pivot\":0}',10),(10,1,'user_belongstomany_role_relationship','relationship','Roles',0,1,1,1,1,0,'{\"model\":\"TCG\\\\Voyager\\\\Models\\\\Role\",\"table\":\"roles\",\"type\":\"belongsToMany\",\"column\":\"id\",\"key\":\"id\",\"label\":\"display_name\",\"pivot_table\":\"user_roles\",\"pivot\":\"1\",\"taggable\":\"0\"}',11),(11,1,'locale','text','Locale',0,1,1,1,1,0,NULL,12),(12,1,'settings','hidden','Settings',0,0,0,0,0,0,NULL,12),(13,2,'id','number','ID',1,0,0,0,0,0,NULL,1),(14,2,'name','text','Name',1,1,1,1,1,1,NULL,2),(15,2,'created_at','timestamp','Created At',0,0,0,0,0,0,NULL,3),(16,2,'updated_at','timestamp','Updated At',0,0,0,0,0,0,NULL,4),(17,3,'id','number','ID',1,0,0,0,0,0,NULL,1),(18,3,'name','text','Name',1,1,1,1,1,1,NULL,2),(19,3,'created_at','timestamp','Created At',0,0,0,0,0,0,NULL,3),(20,3,'updated_at','timestamp','Updated At',0,0,0,0,0,0,NULL,4),(21,3,'display_name','text','Display Name',1,1,1,1,1,1,NULL,5),(22,1,'role_id','text','Role',1,1,1,1,1,1,NULL,9),(23,4,'id','number','ID',1,0,0,0,0,0,NULL,1),(24,4,'parent_id','select_dropdown','Parent',0,0,1,1,1,1,'{\"default\":\"\",\"null\":\"\",\"options\":{\"\":\"-- None --\"},\"relationship\":{\"key\":\"id\",\"label\":\"name\"}}',2),(25,4,'order','text','Order',1,1,1,1,1,1,'{\"default\":1}',3),(26,4,'name','text','Name',1,1,1,1,1,1,NULL,4),(27,4,'slug','text','Slug',1,1,1,1,1,1,'{\"slugify\":{\"origin\":\"name\"}}',5),(28,4,'created_at','timestamp','Created At',0,0,1,0,0,0,NULL,6),(29,4,'updated_at','timestamp','Updated At',0,0,0,0,0,0,NULL,7),(30,5,'id','number','ID',1,0,0,0,0,0,NULL,1),(31,5,'author_id','text','Author',1,0,1,1,0,1,NULL,2),(32,5,'category_id','text','Category',1,0,1,1,1,0,NULL,3),(33,5,'title','text','Title',1,1,1,1,1,1,NULL,4),(34,5,'excerpt','text_area','Excerpt',1,0,1,1,1,1,NULL,5),(35,5,'body','rich_text_box','Body',1,0,1,1,1,1,NULL,6),(36,5,'image','image','Post Image',0,1,1,1,1,1,'{\"resize\":{\"width\":\"1000\",\"height\":\"null\"},\"quality\":\"70%\",\"upsize\":true,\"thumbnails\":[{\"name\":\"medium\",\"scale\":\"50%\"},{\"name\":\"small\",\"scale\":\"25%\"},{\"name\":\"cropped\",\"crop\":{\"width\":\"300\",\"height\":\"250\"}}]}',7),(37,5,'slug','text','Slug',1,0,1,1,1,1,'{\"slugify\":{\"origin\":\"title\",\"forceUpdate\":true},\"validation\":{\"rule\":\"unique:posts,slug\"}}',8),(38,5,'meta_description','text_area','Meta Description',1,0,1,1,1,1,NULL,9),(39,5,'meta_keywords','text_area','Meta Keywords',1,0,1,1,1,1,NULL,10),(40,5,'status','select_dropdown','Status',1,1,1,1,1,1,'{\"default\":\"DRAFT\",\"options\":{\"PUBLISHED\":\"published\",\"DRAFT\":\"draft\",\"PENDING\":\"pending\"}}',11),(41,5,'created_at','timestamp','Created At',0,1,1,0,0,0,NULL,12),(42,5,'updated_at','timestamp','Updated At',0,0,0,0,0,0,NULL,13),(43,5,'seo_title','text','SEO Title',0,1,1,1,1,1,NULL,14),(44,5,'featured','checkbox','Featured',1,1,1,1,1,1,NULL,15),(45,6,'id','number','ID',1,0,0,0,0,0,NULL,1),(46,6,'author_id','text','Author',1,0,0,0,0,0,NULL,2),(47,6,'title','text','Title',1,1,1,1,1,1,NULL,3),(48,6,'excerpt','text_area','Excerpt',1,0,1,1,1,1,NULL,4),(49,6,'body','rich_text_box','Body',1,0,1,1,1,1,NULL,5),(50,6,'slug','text','Slug',1,0,1,1,1,1,'{\"slugify\":{\"origin\":\"title\"},\"validation\":{\"rule\":\"unique:pages,slug\"}}',6),(51,6,'meta_description','text','Meta Description',1,0,1,1,1,1,NULL,7),(52,6,'meta_keywords','text','Meta Keywords',1,0,1,1,1,1,NULL,8),(53,6,'status','select_dropdown','Status',1,1,1,1,1,1,'{\"default\":\"INACTIVE\",\"options\":{\"INACTIVE\":\"INACTIVE\",\"ACTIVE\":\"ACTIVE\"}}',9),(54,6,'created_at','timestamp','Created At',1,1,1,0,0,0,NULL,10),(55,6,'updated_at','timestamp','Updated At',1,0,0,0,0,0,NULL,11),(56,6,'image','image','Page Image',0,1,1,1,1,1,NULL,12),(57,7,'id','number','Id',1,1,1,0,0,0,'{}',1),(58,7,'name','text','Author',1,1,1,1,1,1,'{}',2),(59,8,'id','text','Id',1,0,0,0,0,0,'{}',1),(60,8,'author_id','select_dropdown','Author',0,1,1,1,1,1,'{}',2),(61,8,'title','text','Title',1,1,1,1,1,1,'{}',4),(62,8,'year','number','Year',1,1,1,1,1,1,'{}',5),(65,8,'album_belongsto_album_relationship','relationship','Author',0,1,1,1,1,1,'{\"model\":\"App\\\\Author\",\"table\":\"authors\",\"type\":\"belongsTo\",\"column\":\"author_id\",\"key\":\"id\",\"label\":\"name\",\"pivot_table\":\"albums\",\"pivot\":\"0\",\"taggable\":\"0\"}',3),(66,7,'author_hasmany_album_relationship','relationship','Albums',0,0,1,1,1,1,'{\"model\":\"App\\\\Album\",\"table\":\"albums\",\"type\":\"hasMany\",\"column\":\"author_id\",\"key\":\"id\",\"label\":\"title\",\"pivot_table\":\"albums\",\"pivot\":\"0\",\"taggable\":\"0\"}',7),(67,9,'id','text','Id',1,0,0,0,0,0,'{}',1),(68,9,'title','text','Tag',1,1,1,1,1,1,'{}',2),(69,10,'id','text','Id',1,1,1,0,0,0,'{}',1),(70,10,'title','text','Title',1,1,1,1,1,1,'{}',2),(71,10,'author_id','select_dropdown','Author',0,0,1,1,1,1,'{}',3),(72,10,'album_id','select_dropdown','Album Id',0,0,1,1,1,1,'{}',5),(73,10,'label_id','markdown_editor','Label',0,0,1,1,1,1,'{}',7),(74,10,'year','text','Year',1,0,1,1,1,1,'{\"validation\":{\"rules\":[\"required\",\"between:0,2999\"]}}',10),(75,10,'source','file','Source',1,1,1,1,1,1,'{}',9),(76,10,'created_at','timestamp','Created At',1,0,1,0,0,0,'{}',13),(77,10,'updated_at','timestamp','Updated At',0,0,1,0,0,0,'{}',14),(79,10,'played_at','timestamp','Last time started playing',0,0,1,0,0,0,'{}',15),(85,10,'song_hasone_album_relationship','relationship','Album',0,0,1,1,1,1,'{\"model\":\"App\\\\Album\",\"table\":\"albums\",\"type\":\"belongsTo\",\"column\":\"album_id\",\"key\":\"id\",\"label\":\"title\",\"pivot_table\":\"albums\",\"pivot\":\"0\",\"taggable\":\"0\"}',6),(86,10,'song_hasone_author_relationship','relationship','Author',0,1,1,1,1,1,'{\"model\":\"App\\\\Author\",\"table\":\"authors\",\"type\":\"belongsTo\",\"column\":\"author_id\",\"key\":\"id\",\"label\":\"name\",\"pivot_table\":\"albums\",\"pivot\":\"0\",\"taggable\":\"0\"}',4),(87,10,'song_hasone_label_relationship','relationship','Label',0,0,1,1,1,1,'{\"model\":\"App\\\\Label\",\"table\":\"labels\",\"type\":\"belongsTo\",\"column\":\"label_id\",\"key\":\"id\",\"label\":\"title\",\"pivot_table\":\"albums\",\"pivot\":\"0\",\"taggable\":\"0\"}',8),(88,12,'id','text','Id',1,1,0,0,0,0,'{}',1),(89,12,'title','text','Label',1,1,1,1,1,1,'{}',2),(90,7,'author_hasmany_song_relationship','relationship','Songs',0,0,1,1,1,1,'{\"model\":\"App\\\\Song\",\"table\":\"songs\",\"type\":\"hasMany\",\"column\":\"author_id\",\"key\":\"id\",\"label\":\"title\",\"pivot_table\":\"albums\",\"pivot\":\"0\",\"taggable\":\"0\"}',8),(91,10,'song_belongstomany_tag_relationship','relationship','tags',0,0,1,1,1,1,'{\"model\":\"App\\\\Tag\",\"table\":\"tags\",\"type\":\"belongsToMany\",\"column\":\"id\",\"key\":\"id\",\"label\":\"title\",\"pivot_table\":\"song_tags\",\"pivot\":\"1\",\"taggable\":\"on\"}',17),(92,10,'is_active','checkbox','Is Active',1,1,1,1,1,1,'{\"on\":\"Enabled\",\"off\":\"Disabled\",\"checked\":\"true\"}',18),(93,14,'key','text','Key',1,1,1,1,1,1,'{}',1),(94,14,'value','code_editor','Value',0,1,1,1,1,1,'{}',2),(95,14,'locale','text','Locale',0,0,1,1,1,1,'{}',3),(96,10,'played_count','text','Played times count',1,1,0,0,0,0,'{}',12),(97,10,'tempo','number','Tempo',1,1,1,1,1,1,'{\"default\":0,\"validation\":{\"rules\":[\"between:0,10\"]}}',11),(98,7,'is_active','checkbox','Is Active',1,1,1,1,1,1,'{\"on\":\"Enabled\",\"off\":\"Disabled\",\"checked\":\"true\"}',6),(99,7,'played_at','timestamp','Last time started playing',0,0,1,0,0,0,'{}',4),(100,7,'played_count','text','Played times count',1,1,1,0,0,0,'{}',3),(101,10,'finished_at','timestamp','Last time finished playing',0,1,1,0,0,0,'{}',16),(102,7,'finished_at','timestamp','Last time finished playing',0,1,1,0,0,0,'{}',5),(103,7,'website','text','Website',0,1,1,1,1,1,'{}',7),(104,12,'website','text','Website',0,1,1,1,1,1,'{}',3),(105,16,'id','text','Id',1,0,0,0,0,0,'{}',1),(106,16,'label_id','select_dropdown','Label Id',1,0,1,1,1,1,'{}',2),(107,16,'link','text','Link',1,1,1,1,1,1,'{}',4),(108,12,'label_hasmany_label_link_relationship','relationship','label_links',0,1,1,1,1,1,'{\"model\":\"App\\\\LabelLink\",\"table\":\"label_links\",\"type\":\"hasMany\",\"column\":\"label_id\",\"key\":\"id\",\"label\":\"link\",\"pivot_table\":\"albums\",\"pivot\":\"0\",\"taggable\":\"0\"}',4),(109,16,'label_link_belongsto_label_relationship','relationship','Label',0,1,1,1,1,1,'{\"model\":\"App\\\\Label\",\"table\":\"labels\",\"type\":\"belongsTo\",\"column\":\"label_id\",\"key\":\"id\",\"label\":\"title\",\"pivot_table\":\"albums\",\"pivot\":\"0\",\"taggable\":\"0\"}',3),(114,18,'id','text','Id',1,0,0,0,0,0,'{}',1),(115,18,'author_id','select_dropdown','Author Id',1,0,1,1,1,1,'{}',2),(116,18,'link','text','Link',1,1,1,1,1,1,'{}',4),(117,18,'author_link_belongsto_author_relationship','relationship','Author',0,1,1,1,1,1,'{\"model\":\"App\\\\Author\",\"table\":\"authors\",\"type\":\"belongsTo\",\"column\":\"author_id\",\"key\":\"id\",\"label\":\"name\",\"pivot_table\":\"albums\",\"pivot\":\"0\",\"taggable\":\"0\"}',3),(118,7,'author_hasmany_author_link_relationship','relationship','author_links',0,1,1,1,1,1,'{\"model\":\"App\\\\AuthorLink\",\"table\":\"author_links\",\"type\":\"hasMany\",\"column\":\"author_id\",\"key\":\"id\",\"label\":\"link\",\"pivot_table\":\"albums\",\"pivot\":\"0\",\"taggable\":\"0\"}',9),(119,10,'volume','number','Volume',0,1,1,1,1,0,'{\"default\":100,\"validation\":{\"rules\":[\"between:1,100\"]}}',15),(120,10,'unsplash_search_query','text','Unsplash Search Query',0,1,1,1,1,1,'{}',16),(121,7,'unsplash_search_query','text','Unsplash Search Query',0,1,1,1,1,1,'{}',8),(122,19,'id','text','Id',1,0,0,0,0,0,'{}',1),(124,19,'image_url','text','Image Url',0,1,1,1,1,1,'{}',2);
/*!40000 ALTER TABLE `data_rows` ENABLE KEYS */;
UNLOCK TABLES;

--
-- Table structure for table `data_types`
--

DROP TABLE IF EXISTS `data_types`;
/*!40101 SET @saved_cs_client     = @@character_set_client */;
/*!40101 SET character_set_client = utf8 */;
CREATE TABLE `data_types` (
  `id` int(10) unsigned NOT NULL AUTO_INCREMENT,
  `name` varchar(191) COLLATE utf8mb4_unicode_ci NOT NULL,
  `slug` varchar(191) COLLATE utf8mb4_unicode_ci NOT NULL,
  `display_name_singular` varchar(191) COLLATE utf8mb4_unicode_ci NOT NULL,
  `display_name_plural` varchar(191) COLLATE utf8mb4_unicode_ci NOT NULL,
  `icon` varchar(191) COLLATE utf8mb4_unicode_ci DEFAULT NULL,
  `model_name` varchar(191) COLLATE utf8mb4_unicode_ci DEFAULT NULL,
  `policy_name` varchar(191) COLLATE utf8mb4_unicode_ci DEFAULT NULL,
  `controller` varchar(191) COLLATE utf8mb4_unicode_ci DEFAULT NULL,
  `description` varchar(191) COLLATE utf8mb4_unicode_ci DEFAULT NULL,
  `generate_permissions` tinyint(1) NOT NULL DEFAULT '0',
  `server_side` tinyint(4) NOT NULL DEFAULT '0',
  `details` text COLLATE utf8mb4_unicode_ci,
  `created_at` timestamp NULL DEFAULT NULL,
  `updated_at` timestamp NULL DEFAULT NULL,
  PRIMARY KEY (`id`),
  UNIQUE KEY `data_types_name_unique` (`name`),
  UNIQUE KEY `data_types_slug_unique` (`slug`)
) ENGINE=InnoDB AUTO_INCREMENT=20 DEFAULT CHARSET=utf8mb4 COLLATE=utf8mb4_unicode_ci;
/*!40101 SET character_set_client = @saved_cs_client */;

--
-- Dumping data for table `data_types`
--

LOCK TABLES `data_types` WRITE;
/*!40000 ALTER TABLE `data_types` DISABLE KEYS */;
INSERT INTO `data_types` VALUES (1,'users','users','User','Users','voyager-person','TCG\\Voyager\\Models\\User','TCG\\Voyager\\Policies\\UserPolicy','','',1,0,NULL,'2019-01-20 00:40:19','2019-01-20 00:40:19'),(2,'menus','menus','Menu','Menus','voyager-list','TCG\\Voyager\\Models\\Menu',NULL,'','',1,0,NULL,'2019-01-20 00:40:19','2019-01-20 00:40:19'),(3,'roles','roles','Role','Roles','voyager-lock','TCG\\Voyager\\Models\\Role',NULL,'','',1,0,NULL,'2019-01-20 00:40:19','2019-01-20 00:40:19'),(4,'categories','categories','Category','Categories','voyager-categories','TCG\\Voyager\\Models\\Category',NULL,'','',1,0,NULL,'2019-01-20 00:40:20','2019-01-20 00:40:20'),(5,'posts','posts','Post','Posts','voyager-news','TCG\\Voyager\\Models\\Post','TCG\\Voyager\\Policies\\PostPolicy','','',1,0,NULL,'2019-01-20 00:40:21','2019-01-20 00:40:21'),(6,'pages','pages','Page','Pages','voyager-file-text','TCG\\Voyager\\Models\\Page',NULL,'','',1,0,NULL,'2019-01-20 00:40:21','2019-01-20 00:40:21'),(7,'authors','authors','Author','Authors',NULL,'App\\Author',NULL,NULL,NULL,1,1,'{\"order_column\":null,\"order_display_column\":null,\"order_direction\":\"asc\",\"default_search_key\":\"name\",\"scope\":null}','2019-01-20 01:25:15','2020-05-01 10:21:07'),(8,'albums','albums','Album','Albums',NULL,'App\\Album',NULL,NULL,NULL,1,1,'{\"order_column\":null,\"order_display_column\":null,\"order_direction\":\"asc\",\"default_search_key\":\"title\",\"scope\":null}','2019-01-20 01:27:36','2020-05-01 10:21:14'),(9,'tags','tags','Tag','Tags','voyager-anchor','App\\Tag',NULL,NULL,NULL,1,0,'{\"order_column\":null,\"order_display_column\":null,\"order_direction\":\"asc\",\"default_search_key\":null}','2019-01-20 02:04:21','2019-01-20 02:16:50'),(10,'songs','songs','Song','Songs','voyager-music','App\\Song',NULL,'\\App\\Http\\Controllers\\Voyager\\VoyagerSongsController','Various deer songs',1,1,'{\"order_column\":null,\"order_display_column\":\"played_at\",\"order_direction\":\"desc\",\"default_search_key\":\"title\",\"scope\":null}','2019-01-20 02:10:11','2020-04-25 21:10:14'),(12,'labels','labels','Label','Labels','voyager-people','App\\Label',NULL,NULL,NULL,1,1,'{\"order_column\":null,\"order_display_column\":null,\"order_direction\":\"asc\",\"default_search_key\":null,\"scope\":null}','2019-01-20 02:29:08','2019-09-16 19:01:44'),(14,'radio_settings','radio-settings','Radio Setting','Radio Settings','voyager-harddrive','App\\RadioSetting',NULL,NULL,NULL,1,0,'{\"order_column\":null,\"order_display_column\":null,\"order_direction\":\"asc\",\"default_search_key\":null}','2019-01-20 05:52:28','2019-01-20 06:02:38'),(16,'label_links','label-links','Label Link','Label Links','voyager-list','App\\LabelLink',NULL,NULL,NULL,1,1,'{\"order_column\":\"id\",\"order_display_column\":\"id\",\"order_direction\":\"asc\",\"default_search_key\":\"label_id\",\"scope\":null}','2019-08-18 17:01:29','2019-08-18 22:22:17'),(18,'author_links','author-links','Author Link','Author Links','voyager-list','App\\AuthorLink',NULL,NULL,NULL,1,1,'{\"order_column\":\"id\",\"order_display_column\":\"id\",\"order_direction\":\"asc\",\"default_search_key\":\"author_id\",\"scope\":null}','2019-08-18 17:14:31','2019-08-18 22:22:47'),(19,'photobans','photobans','Photoban','Photobans','voyager-milestone','App\\Photoban',NULL,NULL,NULL,1,1,'{\"order_column\":null,\"order_display_column\":null,\"order_direction\":\"asc\",\"default_search_key\":null,\"scope\":null}','2020-08-12 21:40:49','2020-08-12 23:46:27');
/*!40000 ALTER TABLE `data_types` ENABLE KEYS */;
UNLOCK TABLES;

--
-- Table structure for table `label_links`
--

DROP TABLE IF EXISTS `label_links`;
/*!40101 SET @saved_cs_client     = @@character_set_client */;
/*!40101 SET character_set_client = utf8 */;
CREATE TABLE `label_links` (
  `id` int(10) unsigned NOT NULL AUTO_INCREMENT,
  `label_id` int(10) unsigned NOT NULL,
  `link` varchar(255) COLLATE utf8mb4_unicode_ci NOT NULL,
  PRIMARY KEY (`id`),
  KEY `label_links_label_id_index` (`label_id`)
) ENGINE=InnoDB AUTO_INCREMENT=12 DEFAULT CHARSET=utf8mb4 COLLATE=utf8mb4_unicode_ci;
/*!40101 SET character_set_client = @saved_cs_client */;

--
-- Dumping data for table `label_links`
--

LOCK TABLES `label_links` WRITE;
/*!40000 ALTER TABLE `label_links` DISABLE KEYS */;
INSERT INTO `label_links` VALUES (1,1,'https://www.youtube.com/user/scud90'),(2,2,'http://www.k7.com'),(3,3,'https://www.uppwind.com'),(4,4,'http://www.infine-music.com'),(5,5,'https://soundcloud.com/dnarexs'),(6,6,'https://www.facebook.com/AbsysRecords'),(7,7,'https://www.fimbulrecords.com'),(8,8,'https://www.facebook.com/Tonequake'),(9,8,'https://soundcloud.com/tonequake-records'),(10,8,'https://tonequakerecords.bandcamp.com'),(11,8,'http://www.tonequake.com');
/*!40000 ALTER TABLE `label_links` ENABLE KEYS */;
UNLOCK TABLES;

--
-- Table structure for table `labels`
--

DROP TABLE IF EXISTS `labels`;
/*!40101 SET @saved_cs_client     = @@character_set_client */;
/*!40101 SET character_set_client = utf8 */;
CREATE TABLE `labels` (
  `id` bigint(20) NOT NULL AUTO_INCREMENT,
  `title` varchar(255) COLLATE utf8mb4_unicode_ci NOT NULL,
  `website` varchar(96) COLLATE utf8mb4_unicode_ci DEFAULT NULL,
  PRIMARY KEY (`id`)
) ENGINE=InnoDB AUTO_INCREMENT=9 DEFAULT CHARSET=utf8mb4 COLLATE=utf8mb4_unicode_ci;
/*!40101 SET character_set_client = @saved_cs_client */;

--
-- Dumping data for table `labels`
--

LOCK TABLES `labels` WRITE;
/*!40000 ALTER TABLE `labels` DISABLE KEYS */;
INSERT INTO `labels` VALUES (1,'Skull Knight Records','https://www.youtube.com/user/scud90'),(2,'!K7 Music','http://www.k7.com'),(3,'Uppwind Records','https://www.uppwind.com'),(4,'InFiné Music','http://www.infine-music.com'),(5,'Dangerous New Age','https://soundcloud.com/dnarexs'),(6,'Absys Records','https://www.facebook.com/AbsysRecords'),(7,'Fimbul Records','https://www.fimbulrecords.com'),(8,'Tonequake Records',NULL);
/*!40000 ALTER TABLE `labels` ENABLE KEYS */;
UNLOCK TABLES;

--
-- Table structure for table `menu_items`
--

DROP TABLE IF EXISTS `menu_items`;
/*!40101 SET @saved_cs_client     = @@character_set_client */;
/*!40101 SET character_set_client = utf8 */;
CREATE TABLE `menu_items` (
  `id` int(10) unsigned NOT NULL AUTO_INCREMENT,
  `menu_id` int(10) unsigned DEFAULT NULL,
  `title` varchar(191) COLLATE utf8mb4_unicode_ci NOT NULL,
  `url` varchar(191) COLLATE utf8mb4_unicode_ci NOT NULL,
  `target` varchar(191) COLLATE utf8mb4_unicode_ci NOT NULL DEFAULT '_self',
  `icon_class` varchar(191) COLLATE utf8mb4_unicode_ci DEFAULT NULL,
  `color` varchar(191) COLLATE utf8mb4_unicode_ci DEFAULT NULL,
  `parent_id` int(11) DEFAULT NULL,
  `order` int(11) NOT NULL,
  `created_at` timestamp NULL DEFAULT NULL,
  `updated_at` timestamp NULL DEFAULT NULL,
  `route` varchar(191) COLLATE utf8mb4_unicode_ci DEFAULT NULL,
  `parameters` text COLLATE utf8mb4_unicode_ci,
  PRIMARY KEY (`id`),
  KEY `menu_items_menu_id_foreign` (`menu_id`),
  CONSTRAINT `menu_items_menu_id_foreign` FOREIGN KEY (`menu_id`) REFERENCES `menus` (`id`) ON DELETE CASCADE
) ENGINE=InnoDB AUTO_INCREMENT=25 DEFAULT CHARSET=utf8mb4 COLLATE=utf8mb4_unicode_ci;
/*!40101 SET character_set_client = @saved_cs_client */;

--
-- Dumping data for table `menu_items`
--

LOCK TABLES `menu_items` WRITE;
/*!40000 ALTER TABLE `menu_items` DISABLE KEYS */;
INSERT INTO `menu_items` VALUES (1,1,'Dashboard','','_self','voyager-boat',NULL,NULL,1,'2019-01-20 00:40:20','2019-01-20 00:40:20','voyager.dashboard',NULL),(2,1,'Media','','_self','voyager-images',NULL,NULL,4,'2019-01-20 00:40:20','2019-01-20 01:18:45','voyager.media.index',NULL),(3,1,'Users','','_self','voyager-person',NULL,NULL,3,'2019-01-20 00:40:20','2019-01-20 00:40:20','voyager.users.index',NULL),(4,1,'Roles','','_self','voyager-lock',NULL,NULL,2,'2019-01-20 00:40:20','2019-01-20 00:40:20','voyager.roles.index',NULL),(5,1,'Tools','','_self','voyager-tools',NULL,NULL,5,'2019-01-20 00:40:20','2019-01-20 02:02:42',NULL,NULL),(6,1,'Menu Builder','','_self','voyager-list',NULL,5,1,'2019-01-20 00:40:20','2019-01-20 01:18:46','voyager.menus.index',NULL),(7,1,'Database','','_self','voyager-data',NULL,5,2,'2019-01-20 00:40:20','2019-01-20 01:18:46','voyager.database.index',NULL),(8,1,'Compass','','_self','voyager-compass',NULL,5,3,'2019-01-20 00:40:20','2019-01-20 01:18:46','voyager.compass.index',NULL),(9,1,'BREAD','','_self','voyager-bread',NULL,5,4,'2019-01-20 00:40:20','2019-01-20 01:18:46','voyager.bread.index',NULL),(10,1,'Settings','','_self','voyager-settings',NULL,NULL,6,'2019-01-20 00:40:20','2019-01-20 02:02:42','voyager.settings.index',NULL),(13,1,'Pages','','_self','voyager-file-text',NULL,12,1,'2019-01-20 00:40:21','2019-01-20 01:19:17','voyager.pages.index',NULL),(14,1,'Hooks','','_self','voyager-hook',NULL,5,5,'2019-01-20 00:40:21','2019-01-20 01:18:46','voyager.hooks',NULL),(15,1,'Authors','','_self','voyager-person','#000000',NULL,7,'2019-01-20 01:25:15','2019-08-18 17:16:02','voyager.authors.index','null'),(16,1,'Albums','','_self','voyager-window-list','#000000',NULL,9,'2019-01-20 01:27:36','2019-01-20 06:03:21','voyager.albums.index','null'),(17,1,'Tags','','_self','voyager-anchor',NULL,NULL,10,'2019-01-20 02:04:21','2019-01-20 06:03:21','voyager.tags.index',NULL),(18,1,'Songs','','_self','voyager-music','#000000',NULL,11,'2019-01-20 02:10:11','2019-01-20 06:03:21','voyager.songs.index','null'),(20,1,'Labels','','_self','voyager-people',NULL,NULL,12,'2019-01-20 02:29:09','2019-01-20 02:29:09','voyager.labels.index',NULL),(21,1,'Label Links','','_self','voyager-list',NULL,NULL,13,'2019-08-18 17:01:29','2019-08-18 17:01:29','voyager.label-links.index',NULL),(23,1,'Author Links','','_self','voyager-list',NULL,NULL,8,'2019-08-18 17:14:32','2019-08-18 17:16:02','voyager.author-links.index',NULL),(24,1,'Photobans','','_self','voyager-milestone',NULL,NULL,14,'2020-08-12 21:40:49','2020-08-12 21:40:49','voyager.photobans.index',NULL);
/*!40000 ALTER TABLE `menu_items` ENABLE KEYS */;
UNLOCK TABLES;

--
-- Table structure for table `menus`
--

DROP TABLE IF EXISTS `menus`;
/*!40101 SET @saved_cs_client     = @@character_set_client */;
/*!40101 SET character_set_client = utf8 */;
CREATE TABLE `menus` (
  `id` int(10) unsigned NOT NULL AUTO_INCREMENT,
  `name` varchar(191) COLLATE utf8mb4_unicode_ci NOT NULL,
  `created_at` timestamp NULL DEFAULT NULL,
  `updated_at` timestamp NULL DEFAULT NULL,
  PRIMARY KEY (`id`),
  UNIQUE KEY `menus_name_unique` (`name`)
) ENGINE=InnoDB AUTO_INCREMENT=2 DEFAULT CHARSET=utf8mb4 COLLATE=utf8mb4_unicode_ci;
/*!40101 SET character_set_client = @saved_cs_client */;

--
-- Dumping data for table `menus`
--

LOCK TABLES `menus` WRITE;
/*!40000 ALTER TABLE `menus` DISABLE KEYS */;
INSERT INTO `menus` VALUES (1,'admin','2019-01-20 00:40:20','2019-01-20 00:40:20');
/*!40000 ALTER TABLE `menus` ENABLE KEYS */;
UNLOCK TABLES;

--
-- Table structure for table `migrations`
--

DROP TABLE IF EXISTS `migrations`;
/*!40101 SET @saved_cs_client     = @@character_set_client */;
/*!40101 SET character_set_client = utf8 */;
CREATE TABLE `migrations` (
  `id` int(10) unsigned NOT NULL AUTO_INCREMENT,
  `migration` varchar(255) COLLATE utf8mb4_unicode_ci NOT NULL,
  `batch` int(11) NOT NULL,
  PRIMARY KEY (`id`)
) ENGINE=InnoDB AUTO_INCREMENT=28 DEFAULT CHARSET=utf8mb4 COLLATE=utf8mb4_unicode_ci;
/*!40101 SET character_set_client = @saved_cs_client */;

--
-- Dumping data for table `migrations`
--

LOCK TABLES `migrations` WRITE;
/*!40000 ALTER TABLE `migrations` DISABLE KEYS */;
INSERT INTO `migrations` VALUES (1,'2014_10_12_000000_create_users_table',1),(2,'2014_10_12_100000_create_password_resets_table',1),(3,'2016_01_01_000000_add_voyager_user_fields',2),(4,'2016_01_01_000000_create_data_types_table',2),(5,'2016_05_19_173453_create_menu_table',2),(6,'2016_10_21_190000_create_roles_table',2),(7,'2016_10_21_190000_create_settings_table',2),(8,'2016_11_30_135954_create_permission_table',2),(9,'2016_11_30_141208_create_permission_role_table',2),(10,'2016_12_26_201236_data_types__add__server_side',2),(11,'2017_01_13_000000_add_route_to_menu_items_table',2),(12,'2017_01_14_005015_create_translations_table',2),(13,'2017_01_15_000000_make_table_name_nullable_in_permissions_table',2),(14,'2017_03_06_000000_add_controller_to_data_types_table',2),(15,'2017_04_21_000000_add_order_to_data_rows_table',2),(16,'2017_07_05_210000_add_policyname_to_data_types_table',2),(17,'2017_08_05_000000_add_group_to_settings_table',2),(18,'2017_11_26_013050_add_user_role_relationship',2),(19,'2017_11_26_015000_create_user_roles_table',2),(20,'2018_03_11_000000_add_user_settings',2),(21,'2018_03_14_000000_add_details_to_data_types_table',2),(22,'2018_03_16_000000_make_settings_value_nullable',2),(23,'2016_01_01_000000_create_pages_table',3),(24,'2016_01_01_000000_create_posts_table',3),(25,'2016_02_15_204651_create_categories_table',3),(26,'2017_04_11_000000_alter_post_nullable_fields_table',3),(27,'2015_08_06_184708_create_radio_settings_table',4);
/*!40000 ALTER TABLE `migrations` ENABLE KEYS */;
UNLOCK TABLES;

--
-- Table structure for table `pages`
--

DROP TABLE IF EXISTS `pages`;
/*!40101 SET @saved_cs_client     = @@character_set_client */;
/*!40101 SET character_set_client = utf8 */;
CREATE TABLE `pages` (
  `id` int(10) unsigned NOT NULL AUTO_INCREMENT,
  `author_id` int(11) NOT NULL,
  `title` varchar(191) COLLATE utf8mb4_unicode_ci NOT NULL,
  `excerpt` text COLLATE utf8mb4_unicode_ci,
  `body` text COLLATE utf8mb4_unicode_ci,
  `image` varchar(191) COLLATE utf8mb4_unicode_ci DEFAULT NULL,
  `slug` varchar(191) COLLATE utf8mb4_unicode_ci NOT NULL,
  `meta_description` text COLLATE utf8mb4_unicode_ci,
  `meta_keywords` text COLLATE utf8mb4_unicode_ci,
  `status` enum('ACTIVE','INACTIVE') COLLATE utf8mb4_unicode_ci NOT NULL DEFAULT 'INACTIVE',
  `created_at` timestamp NULL DEFAULT NULL,
  `updated_at` timestamp NULL DEFAULT NULL,
  PRIMARY KEY (`id`),
  UNIQUE KEY `pages_slug_unique` (`slug`)
) ENGINE=InnoDB AUTO_INCREMENT=2 DEFAULT CHARSET=utf8mb4 COLLATE=utf8mb4_unicode_ci;
/*!40101 SET character_set_client = @saved_cs_client */;

--
-- Dumping data for table `pages`
--

LOCK TABLES `pages` WRITE;
/*!40000 ALTER TABLE `pages` DISABLE KEYS */;
INSERT INTO `pages` VALUES (1,0,'Hello World','Hang the jib grog grog blossom grapple dance the hempen jig gangway pressgang bilge rat to go on account lugger. Nelsons folly gabion line draught scallywag fire ship gaff fluke fathom case shot. Sea Legs bilge rat sloop matey gabion long clothes run a shot across the bow Gold Road cog league.','<p>Hello World. Scallywag grog swab Cat o\'nine tails scuttle rigging hardtack cable nipper Yellow Jack. Handsomely spirits knave lad killick landlubber or just lubber deadlights chantey pinnace crack Jennys tea cup. Provost long clothes black spot Yellow Jack bilged on her anchor league lateen sail case shot lee tackle.</p>\n<p>Ballast spirits fluke topmast me quarterdeck schooner landlubber or just lubber gabion belaying pin. Pinnace stern galleon starboard warp carouser to go on account dance the hempen jig jolly boat measured fer yer chains. Man-of-war fire in the hole nipperkin handsomely doubloon barkadeer Brethren of the Coast gibbet driver squiffy.</p>','pages/page1.jpg','hello-world','Yar Meta Description','Keyword1, Keyword2','ACTIVE','2019-01-20 00:40:21','2019-01-20 00:40:21');
/*!40000 ALTER TABLE `pages` ENABLE KEYS */;
UNLOCK TABLES;

--
-- Table structure for table `password_resets`
--

DROP TABLE IF EXISTS `password_resets`;
/*!40101 SET @saved_cs_client     = @@character_set_client */;
/*!40101 SET character_set_client = utf8 */;
CREATE TABLE `password_resets` (
  `email` varchar(191) COLLATE utf8mb4_unicode_ci NOT NULL,
  `token` varchar(191) COLLATE utf8mb4_unicode_ci NOT NULL,
  `created_at` timestamp NULL DEFAULT NULL,
  KEY `password_resets_email_index` (`email`)
) ENGINE=InnoDB DEFAULT CHARSET=utf8mb4 COLLATE=utf8mb4_unicode_ci;
/*!40101 SET character_set_client = @saved_cs_client */;

--
-- Dumping data for table `password_resets`
--

LOCK TABLES `password_resets` WRITE;
/*!40000 ALTER TABLE `password_resets` DISABLE KEYS */;
/*!40000 ALTER TABLE `password_resets` ENABLE KEYS */;
UNLOCK TABLES;

--
-- Table structure for table `permission_role`
--

DROP TABLE IF EXISTS `permission_role`;
/*!40101 SET @saved_cs_client     = @@character_set_client */;
/*!40101 SET character_set_client = utf8 */;
CREATE TABLE `permission_role` (
  `permission_id` int(10) unsigned NOT NULL,
  `role_id` int(10) unsigned NOT NULL,
  PRIMARY KEY (`permission_id`,`role_id`),
  KEY `permission_role_permission_id_index` (`permission_id`),
  KEY `permission_role_role_id_index` (`role_id`),
  CONSTRAINT `permission_role_permission_id_foreign` FOREIGN KEY (`permission_id`) REFERENCES `permissions` (`id`) ON DELETE CASCADE,
  CONSTRAINT `permission_role_role_id_foreign` FOREIGN KEY (`role_id`) REFERENCES `roles` (`id`) ON DELETE CASCADE
) ENGINE=InnoDB DEFAULT CHARSET=utf8mb4 COLLATE=utf8mb4_unicode_ci;
/*!40101 SET character_set_client = @saved_cs_client */;

--
-- Dumping data for table `permission_role`
--

LOCK TABLES `permission_role` WRITE;
/*!40000 ALTER TABLE `permission_role` DISABLE KEYS */;
INSERT INTO `permission_role` VALUES (1,1),(1,3),(2,1),(3,1),(4,1),(5,1),(6,1),(7,1),(8,1),(9,1),(10,1),(11,1),(12,1),(13,1),(14,1),(15,1),(16,1),(17,1),(18,1),(19,1),(20,1),(21,1),(22,1),(23,1),(24,1),(25,1),(26,1),(27,1),(28,1),(29,1),(30,1),(31,1),(32,1),(33,1),(34,1),(35,1),(36,1),(37,1),(38,1),(39,1),(40,1),(41,1),(42,1),(42,3),(43,1),(43,3),(44,1),(44,3),(45,1),(45,3),(46,1),(47,1),(47,3),(48,1),(48,3),(49,1),(49,3),(50,1),(50,3),(51,1),(52,1),(52,3),(53,1),(53,3),(54,1),(54,3),(55,1),(55,3),(56,1),(57,1),(57,3),(58,1),(58,3),(59,1),(59,3),(60,1),(60,3),(61,1),(67,1),(67,3),(68,1),(68,3),(69,1),(69,3),(70,1),(70,3),(71,1),(77,1),(78,1),(79,1),(80,1),(81,1),(87,1),(88,1),(89,1),(90,1),(91,1),(92,1),(93,1),(94,1),(95,1),(96,1);
/*!40000 ALTER TABLE `permission_role` ENABLE KEYS */;
UNLOCK TABLES;

--
-- Table structure for table `permissions`
--

DROP TABLE IF EXISTS `permissions`;
/*!40101 SET @saved_cs_client     = @@character_set_client */;
/*!40101 SET character_set_client = utf8 */;
CREATE TABLE `permissions` (
  `id` int(10) unsigned NOT NULL AUTO_INCREMENT,
  `key` varchar(191) COLLATE utf8mb4_unicode_ci NOT NULL,
  `table_name` varchar(191) COLLATE utf8mb4_unicode_ci DEFAULT NULL,
  `created_at` timestamp NULL DEFAULT NULL,
  `updated_at` timestamp NULL DEFAULT NULL,
  PRIMARY KEY (`id`),
  KEY `permissions_key_index` (`key`)
) ENGINE=InnoDB AUTO_INCREMENT=97 DEFAULT CHARSET=utf8mb4 COLLATE=utf8mb4_unicode_ci;
/*!40101 SET character_set_client = @saved_cs_client */;

--
-- Dumping data for table `permissions`
--

LOCK TABLES `permissions` WRITE;
/*!40000 ALTER TABLE `permissions` DISABLE KEYS */;
INSERT INTO `permissions` VALUES (1,'browse_admin',NULL,'2019-01-20 00:40:20','2019-01-20 00:40:20'),(2,'browse_bread',NULL,'2019-01-20 00:40:20','2019-01-20 00:40:20'),(3,'browse_database',NULL,'2019-01-20 00:40:20','2019-01-20 00:40:20'),(4,'browse_media',NULL,'2019-01-20 00:40:20','2019-01-20 00:40:20'),(5,'browse_compass',NULL,'2019-01-20 00:40:20','2019-01-20 00:40:20'),(6,'browse_menus','menus','2019-01-20 00:40:20','2019-01-20 00:40:20'),(7,'read_menus','menus','2019-01-20 00:40:20','2019-01-20 00:40:20'),(8,'edit_menus','menus','2019-01-20 00:40:20','2019-01-20 00:40:20'),(9,'add_menus','menus','2019-01-20 00:40:20','2019-01-20 00:40:20'),(10,'delete_menus','menus','2019-01-20 00:40:20','2019-01-20 00:40:20'),(11,'browse_roles','roles','2019-01-20 00:40:20','2019-01-20 00:40:20'),(12,'read_roles','roles','2019-01-20 00:40:20','2019-01-20 00:40:20'),(13,'edit_roles','roles','2019-01-20 00:40:20','2019-01-20 00:40:20'),(14,'add_roles','roles','2019-01-20 00:40:20','2019-01-20 00:40:20'),(15,'delete_roles','roles','2019-01-20 00:40:20','2019-01-20 00:40:20'),(16,'browse_users','users','2019-01-20 00:40:20','2019-01-20 00:40:20'),(17,'read_users','users','2019-01-20 00:40:20','2019-01-20 00:40:20'),(18,'edit_users','users','2019-01-20 00:40:20','2019-01-20 00:40:20'),(19,'add_users','users','2019-01-20 00:40:20','2019-01-20 00:40:20'),(20,'delete_users','users','2019-01-20 00:40:20','2019-01-20 00:40:20'),(21,'browse_settings','settings','2019-01-20 00:40:20','2019-01-20 00:40:20'),(22,'read_settings','settings','2019-01-20 00:40:20','2019-01-20 00:40:20'),(23,'edit_settings','settings','2019-01-20 00:40:20','2019-01-20 00:40:20'),(24,'add_settings','settings','2019-01-20 00:40:20','2019-01-20 00:40:20'),(25,'delete_settings','settings','2019-01-20 00:40:20','2019-01-20 00:40:20'),(26,'browse_categories','categories','2019-01-20 00:40:20','2019-01-20 00:40:20'),(27,'read_categories','categories','2019-01-20 00:40:20','2019-01-20 00:40:20'),(28,'edit_categories','categories','2019-01-20 00:40:20','2019-01-20 00:40:20'),(29,'add_categories','categories','2019-01-20 00:40:20','2019-01-20 00:40:20'),(30,'delete_categories','categories','2019-01-20 00:40:20','2019-01-20 00:40:20'),(31,'browse_posts','posts','2019-01-20 00:40:21','2019-01-20 00:40:21'),(32,'read_posts','posts','2019-01-20 00:40:21','2019-01-20 00:40:21'),(33,'edit_posts','posts','2019-01-20 00:40:21','2019-01-20 00:40:21'),(34,'add_posts','posts','2019-01-20 00:40:21','2019-01-20 00:40:21'),(35,'delete_posts','posts','2019-01-20 00:40:21','2019-01-20 00:40:21'),(36,'browse_pages','pages','2019-01-20 00:40:21','2019-01-20 00:40:21'),(37,'read_pages','pages','2019-01-20 00:40:21','2019-01-20 00:40:21'),(38,'edit_pages','pages','2019-01-20 00:40:21','2019-01-20 00:40:21'),(39,'add_pages','pages','2019-01-20 00:40:21','2019-01-20 00:40:21'),(40,'delete_pages','pages','2019-01-20 00:40:21','2019-01-20 00:40:21'),(41,'browse_hooks',NULL,'2019-01-20 00:40:21','2019-01-20 00:40:21'),(42,'browse_authors','authors','2019-01-20 01:25:15','2019-01-20 01:25:15'),(43,'read_authors','authors','2019-01-20 01:25:15','2019-01-20 01:25:15'),(44,'edit_authors','authors','2019-01-20 01:25:15','2019-01-20 01:25:15'),(45,'add_authors','authors','2019-01-20 01:25:15','2019-01-20 01:25:15'),(46,'delete_authors','authors','2019-01-20 01:25:15','2019-01-20 01:25:15'),(47,'browse_albums','albums','2019-01-20 01:27:36','2019-01-20 01:27:36'),(48,'read_albums','albums','2019-01-20 01:27:36','2019-01-20 01:27:36'),(49,'edit_albums','albums','2019-01-20 01:27:36','2019-01-20 01:27:36'),(50,'add_albums','albums','2019-01-20 01:27:36','2019-01-20 01:27:36'),(51,'delete_albums','albums','2019-01-20 01:27:36','2019-01-20 01:27:36'),(52,'browse_tags','tags','2019-01-20 02:04:21','2019-01-20 02:04:21'),(53,'read_tags','tags','2019-01-20 02:04:21','2019-01-20 02:04:21'),(54,'edit_tags','tags','2019-01-20 02:04:21','2019-01-20 02:04:21'),(55,'add_tags','tags','2019-01-20 02:04:21','2019-01-20 02:04:21'),(56,'delete_tags','tags','2019-01-20 02:04:21','2019-01-20 02:04:21'),(57,'browse_songs','songs','2019-01-20 02:10:11','2019-01-20 02:10:11'),(58,'read_songs','songs','2019-01-20 02:10:11','2019-01-20 02:10:11'),(59,'edit_songs','songs','2019-01-20 02:10:11','2019-01-20 02:10:11'),(60,'add_songs','songs','2019-01-20 02:10:11','2019-01-20 02:10:11'),(61,'delete_songs','songs','2019-01-20 02:10:11','2019-01-20 02:10:11'),(67,'browse_labels','labels','2019-01-20 02:29:09','2019-01-20 02:29:09'),(68,'read_labels','labels','2019-01-20 02:29:09','2019-01-20 02:29:09'),(69,'edit_labels','labels','2019-01-20 02:29:09','2019-01-20 02:29:09'),(70,'add_labels','labels','2019-01-20 02:29:09','2019-01-20 02:29:09'),(71,'delete_labels','labels','2019-01-20 02:29:09','2019-01-20 02:29:09'),(72,'browse_radio_settings','radio_settings','2019-01-20 05:52:28','2019-01-20 05:52:28'),(73,'read_radio_settings','radio_settings','2019-01-20 05:52:28','2019-01-20 05:52:28'),(74,'edit_radio_settings','radio_settings','2019-01-20 05:52:28','2019-01-20 05:52:28'),(75,'add_radio_settings','radio_settings','2019-01-20 05:52:28','2019-01-20 05:52:28'),(76,'delete_radio_settings','radio_settings','2019-01-20 05:52:28','2019-01-20 05:52:28'),(77,'browse_label_links','label_links','2019-08-18 17:01:29','2019-08-18 17:01:29'),(78,'read_label_links','label_links','2019-08-18 17:01:29','2019-08-18 17:01:29'),(79,'edit_label_links','label_links','2019-08-18 17:01:29','2019-08-18 17:01:29'),(80,'add_label_links','label_links','2019-08-18 17:01:29','2019-08-18 17:01:29'),(81,'delete_label_links','label_links','2019-08-18 17:01:29','2019-08-18 17:01:29'),(87,'browse_author_links','author_links','2019-08-18 17:14:31','2019-08-18 17:14:31'),(88,'read_author_links','author_links','2019-08-18 17:14:31','2019-08-18 17:14:31'),(89,'edit_author_links','author_links','2019-08-18 17:14:31','2019-08-18 17:14:31'),(90,'add_author_links','author_links','2019-08-18 17:14:31','2019-08-18 17:14:31'),(91,'delete_author_links','author_links','2019-08-18 17:14:31','2019-08-18 17:14:31'),(92,'browse_photobans','photobans','2020-08-12 21:40:49','2020-08-12 21:40:49'),(93,'read_photobans','photobans','2020-08-12 21:40:49','2020-08-12 21:40:49'),(94,'edit_photobans','photobans','2020-08-12 21:40:49','2020-08-12 21:40:49'),(95,'add_photobans','photobans','2020-08-12 21:40:49','2020-08-12 21:40:49'),(96,'delete_photobans','photobans','2020-08-12 21:40:49','2020-08-12 21:40:49');
/*!40000 ALTER TABLE `permissions` ENABLE KEYS */;
UNLOCK TABLES;

--
-- Table structure for table `photobans`
--

DROP TABLE IF EXISTS `photobans`;
/*!40101 SET @saved_cs_client     = @@character_set_client */;
/*!40101 SET character_set_client = utf8 */;
CREATE TABLE `photobans` (
  `id` int(10) unsigned NOT NULL AUTO_INCREMENT,
  `image_url` text COLLATE utf8mb4_unicode_ci,
  PRIMARY KEY (`id`)
) ENGINE=InnoDB AUTO_INCREMENT=5 DEFAULT CHARSET=utf8mb4 COLLATE=utf8mb4_unicode_ci;
/*!40101 SET character_set_client = @saved_cs_client */;

--
-- Dumping data for table `photobans`
--

LOCK TABLES `photobans` WRITE;
/*!40000 ALTER TABLE `photobans` DISABLE KEYS */;
INSERT INTO `photobans` VALUES (1,'https://unsplash.com/photos/eDYAvsGo-WY'),(2,'https://unsplash.com/photos/cZ1R4Q9ZDW0'),(3,'https://unsplash.com/photos/vYpefd0mZQQ'),(4,'https://unsplash.com/photos/4bjHk-TZEEc');
/*!40000 ALTER TABLE `photobans` ENABLE KEYS */;
UNLOCK TABLES;

--
-- Table structure for table `posts`
--

DROP TABLE IF EXISTS `posts`;
/*!40101 SET @saved_cs_client     = @@character_set_client */;
/*!40101 SET character_set_client = utf8 */;
CREATE TABLE `posts` (
  `id` int(10) unsigned NOT NULL AUTO_INCREMENT,
  `author_id` int(11) NOT NULL,
  `category_id` int(11) DEFAULT NULL,
  `title` varchar(191) COLLATE utf8mb4_unicode_ci NOT NULL,
  `seo_title` varchar(191) COLLATE utf8mb4_unicode_ci DEFAULT NULL,
  `excerpt` text COLLATE utf8mb4_unicode_ci,
  `body` text COLLATE utf8mb4_unicode_ci NOT NULL,
  `image` varchar(191) COLLATE utf8mb4_unicode_ci DEFAULT NULL,
  `slug` varchar(191) COLLATE utf8mb4_unicode_ci NOT NULL,
  `meta_description` text COLLATE utf8mb4_unicode_ci,
  `meta_keywords` text COLLATE utf8mb4_unicode_ci,
  `status` enum('PUBLISHED','DRAFT','PENDING') COLLATE utf8mb4_unicode_ci NOT NULL DEFAULT 'DRAFT',
  `featured` tinyint(1) NOT NULL DEFAULT '0',
  `created_at` timestamp NULL DEFAULT NULL,
  `updated_at` timestamp NULL DEFAULT NULL,
  PRIMARY KEY (`id`),
  UNIQUE KEY `posts_slug_unique` (`slug`)
) ENGINE=InnoDB AUTO_INCREMENT=5 DEFAULT CHARSET=utf8mb4 COLLATE=utf8mb4_unicode_ci;
/*!40101 SET character_set_client = @saved_cs_client */;

--
-- Dumping data for table `posts`
--

LOCK TABLES `posts` WRITE;
/*!40000 ALTER TABLE `posts` DISABLE KEYS */;
INSERT INTO `posts` VALUES (1,0,NULL,'Lorem Ipsum Post',NULL,'This is the excerpt for the Lorem Ipsum Post','<p>This is the body of the lorem ipsum post</p>','posts/post1.jpg','lorem-ipsum-post','This is the meta description','keyword1, keyword2, keyword3','PUBLISHED',0,'2019-01-20 00:40:21','2019-01-20 00:40:21'),(2,0,NULL,'My Sample Post',NULL,'This is the excerpt for the sample Post','<p>This is the body for the sample post, which includes the body.</p>\n                <h2>We can use all kinds of format!</h2>\n                <p>And include a bunch of other stuff.</p>','posts/post2.jpg','my-sample-post','Meta Description for sample post','keyword1, keyword2, keyword3','PUBLISHED',0,'2019-01-20 00:40:21','2019-01-20 00:40:21'),(3,0,NULL,'Latest Post',NULL,'This is the excerpt for the latest post','<p>This is the body for the latest post</p>','posts/post3.jpg','latest-post','This is the meta description','keyword1, keyword2, keyword3','PUBLISHED',0,'2019-01-20 00:40:21','2019-01-20 00:40:21'),(4,0,NULL,'Yarr Post',NULL,'Reef sails nipperkin bring a spring upon her cable coffer jury mast spike marooned Pieces of Eight poop deck pillage. Clipper driver coxswain galleon hempen halter come about pressgang gangplank boatswain swing the lead. Nipperkin yard skysail swab lanyard Blimey bilge water ho quarter Buccaneer.','<p>Swab deadlights Buccaneer fire ship square-rigged dance the hempen jig weigh anchor cackle fruit grog furl. Crack Jennys tea cup chase guns pressgang hearties spirits hogshead Gold Road six pounders fathom measured fer yer chains. Main sheet provost come about trysail barkadeer crimp scuttle mizzenmast brig plunder.</p>\n<p>Mizzen league keelhaul galleon tender cog chase Barbary Coast doubloon crack Jennys tea cup. Blow the man down lugsail fire ship pinnace cackle fruit line warp Admiral of the Black strike colors doubloon. Tackle Jack Ketch come about crimp rum draft scuppers run a shot across the bow haul wind maroon.</p>\n<p>Interloper heave down list driver pressgang holystone scuppers tackle scallywag bilged on her anchor. Jack Tar interloper draught grapple mizzenmast hulk knave cable transom hogshead. Gaff pillage to go on account grog aft chase guns piracy yardarm knave clap of thunder.</p>','posts/post4.jpg','yarr-post','this be a meta descript','keyword1, keyword2, keyword3','PUBLISHED',0,'2019-01-20 00:40:21','2019-01-20 00:40:21');
/*!40000 ALTER TABLE `posts` ENABLE KEYS */;
UNLOCK TABLES;

--
-- Table structure for table `roles`
--

DROP TABLE IF EXISTS `roles`;
/*!40101 SET @saved_cs_client     = @@character_set_client */;
/*!40101 SET character_set_client = utf8 */;
CREATE TABLE `roles` (
  `id` int(10) unsigned NOT NULL AUTO_INCREMENT,
  `name` varchar(191) COLLATE utf8mb4_unicode_ci NOT NULL,
  `display_name` varchar(191) COLLATE utf8mb4_unicode_ci NOT NULL,
  `created_at` timestamp NULL DEFAULT NULL,
  `updated_at` timestamp NULL DEFAULT NULL,
  PRIMARY KEY (`id`),
  UNIQUE KEY `roles_name_unique` (`name`)
) ENGINE=InnoDB AUTO_INCREMENT=4 DEFAULT CHARSET=utf8mb4 COLLATE=utf8mb4_unicode_ci;
/*!40101 SET character_set_client = @saved_cs_client */;

--
-- Dumping data for table `roles`
--

LOCK TABLES `roles` WRITE;
/*!40000 ALTER TABLE `roles` DISABLE KEYS */;
INSERT INTO `roles` VALUES (1,'admin','Administrator','2019-01-20 00:40:20','2019-01-20 00:40:20'),(2,'user','Normal User','2019-01-20 00:40:20','2019-01-20 00:40:20'),(3,'songs-manager','Songs Manager','2019-01-27 01:41:23','2019-01-27 01:41:23');
/*!40000 ALTER TABLE `roles` ENABLE KEYS */;
UNLOCK TABLES;

--
-- Table structure for table `settings`
--

DROP TABLE IF EXISTS `settings`;
/*!40101 SET @saved_cs_client     = @@character_set_client */;
/*!40101 SET character_set_client = utf8 */;
CREATE TABLE `settings` (
  `id` int(10) unsigned NOT NULL AUTO_INCREMENT,
  `key` varchar(191) COLLATE utf8mb4_unicode_ci NOT NULL,
  `display_name` varchar(191) COLLATE utf8mb4_unicode_ci NOT NULL,
  `value` text COLLATE utf8mb4_unicode_ci,
  `details` text COLLATE utf8mb4_unicode_ci,
  `type` varchar(191) COLLATE utf8mb4_unicode_ci NOT NULL,
  `order` int(11) NOT NULL DEFAULT '1',
  `group` varchar(191) COLLATE utf8mb4_unicode_ci DEFAULT NULL,
  PRIMARY KEY (`id`),
  UNIQUE KEY `settings_key_unique` (`key`)
) ENGINE=InnoDB AUTO_INCREMENT=38 DEFAULT CHARSET=utf8mb4 COLLATE=utf8mb4_unicode_ci;
/*!40101 SET character_set_client = @saved_cs_client */;

--
-- Dumping data for table `settings`
--

LOCK TABLES `settings` WRITE;
/*!40000 ALTER TABLE `settings` DISABLE KEYS */;
INSERT INTO `settings` VALUES (1,'site.title','Site Title','Site Title','','text',1,'Site'),(2,'site.description','Site Description','Site Description','','text',2,'Site'),(3,'site.logo','Site Logo','','','image',3,'Site'),(4,'site.google_analytics_tracking_id','Google Analytics Tracking ID',NULL,'','text',4,'Site'),(5,'admin.bg_image','Admin Background Image','','','image',5,'Admin'),(6,'admin.title','Admin Title','Voyager','','text',1,'Admin'),(7,'admin.description','Admin Description','Welcome to Voyager. The Missing Admin for Laravel','','text',2,'Admin'),(8,'admin.loader','Admin Loader','','','image',3,'Admin'),(9,'admin.icon_image','Admin Icon Image','','','image',4,'Admin'),(10,'admin.google_analytics_client_id','Google Analytics Client ID (used for admin dashboard)',NULL,'','text',1,'Admin'),(11,'unsplash.app_id','App ID','1e46f66dcf918f28ce16a773d0550911204e59fbad2317cec7072ad883bfa653',NULL,'text',6,'Unsplash'),(12,'unsplash.app_secret','App Secret','4e0f6e3e3a9a68aac49e20e778f8c0a5904e51176a3f672ee8eb217b3f6200da',NULL,'text',7,'Unsplash'),(13,'unsplash.app_name','App Name','Deer Badio background',NULL,'text',8,'Unsplash'),(14,'deer-radio.default_song_interval','Default song interval in minutes','300','{\r\n    \"validation\": {\r\n        \"rule\": \"required|numeric\"\r\n    }\r\n}','text',11,'Deer Radio'),(18,'deer-radio.current_song_id','Current song ID','108','{\n    \"validation\": {\n        \"rule\": \"required|numeric\"\n    }\n}','text',15,'Deer Radio'),(19,'deer-radio.next_song_path','Next song Path','','{\r\n    \"validation\": {\r\n        \"rule\": \"required|numeric\"\r\n    }\r\n}','text',16,'Deer Radio'),(20,'deer-radio.default_author_interval','Default author interval in minutes','30',NULL,'text',12,'Deer Radio'),(22,'deer-radio.least_played_count_percentage','Least played count percentage to get track','5',NULL,'text',13,'Deer Radio'),(23,'deer-radio.current_author_id','Current author ID','14',NULL,'text',17,'Deer Radio'),(24,'deer-radio.is_disabled','Is disabled','0',NULL,'checkbox',9,'Deer Radio'),(29,'unsplash.default_search_query','Default search query','deer',NULL,'text',21,'Unsplash'),(30,'unsplash.custom_unsplash_query_enabled','Custom Unsplash query enabled','1',NULL,'checkbox',22,'Unsplash'),(31,'live-stream.endpoint','Streaming endpoint','rtmp://a.rtmp.youtube.com/live2',NULL,'text',23,'Live Stream'),(32,'live-stream.api_key','Streaming API key','4ax6-2t3b-0pcj-pt2q-546v',NULL,'text',24,'Live Stream'),(34,'deer-radio.current_image_data','Current deer image data','{\"path\":\"\\/var\\/www\\/deer-radio.ru\\/storage\\/app\\/public\\/deer_image1608408884.jpg\",\"image_link\":\"https:\\/\\/unsplash.com\\/photos\\/BJWCzI6t83w\",\"profile_link\":\"https:\\/\\/unsplash.com\\/@imfreejoe\",\"author\":\"Geoffrey Baumbach\",\"description\":\"Beautiful milkyway in Swiss Alps\"}','{\"language\": \"json\"}','code_editor',26,'Deer Radio'),(35,'youtube.access_token','Access Token','ya29.a0AfH6SMC7wq7NBft8a6Wcr3zLy6PQS9EgyVL-ONWtx_3Pd_uqgKlVJyDTsOeRNGIMVYILBcKkhThoEuIHuHVwm2FEbYvnQO9-KQCKOHu9iPoRFAlpodx9y5xeaptPpAqKCq85RrkgfV-A8Vh21ohQ3jynfuSvHHnu97xRo5kQaobZ-g',NULL,'text',25,'YouTube'),(36,'youtube.refresh_token','Refresh Token','1//042v9QvZaJSDNCgYIARAAGAQSNwF-L9IrqEKKS7gKAQy-uPN2una3uHL5Si6C4FBYg1T0lqZJvBexPC3sv8Gebam39B-Hn_sbKQs',NULL,'text',28,'YouTube'),(37,'deer-radio.chat_notification_enabled','Livestream chat notification enabled','1',NULL,'checkbox',29,'Deer Radio');
/*!40000 ALTER TABLE `settings` ENABLE KEYS */;
UNLOCK TABLES;

--
-- Table structure for table `song_tags`
--

DROP TABLE IF EXISTS `song_tags`;
/*!40101 SET @saved_cs_client     = @@character_set_client */;
/*!40101 SET character_set_client = utf8 */;
CREATE TABLE `song_tags` (
  `song_id` bigint(20) NOT NULL,
  `tag_id` bigint(20) NOT NULL,
  UNIQUE KEY `song_id_tag_id` (`song_id`,`tag_id`),
  KEY `tag_id` (`tag_id`),
  CONSTRAINT `song_tags_ibfk_1` FOREIGN KEY (`song_id`) REFERENCES `songs` (`id`) ON DELETE NO ACTION,
  CONSTRAINT `song_tags_ibfk_2` FOREIGN KEY (`tag_id`) REFERENCES `tags` (`id`) ON DELETE NO ACTION
) ENGINE=InnoDB DEFAULT CHARSET=utf8mb4 COLLATE=utf8mb4_unicode_ci;
/*!40101 SET character_set_client = @saved_cs_client */;

--
-- Dumping data for table `song_tags`
--

LOCK TABLES `song_tags` WRITE;
/*!40000 ALTER TABLE `song_tags` DISABLE KEYS */;
/*!40000 ALTER TABLE `song_tags` ENABLE KEYS */;
UNLOCK TABLES;

--
-- Table structure for table `songs`
--

DROP TABLE IF EXISTS `songs`;
/*!40101 SET @saved_cs_client     = @@character_set_client */;
/*!40101 SET character_set_client = utf8 */;
CREATE TABLE `songs` (
  `id` bigint(20) NOT NULL AUTO_INCREMENT,
  `title` varchar(128) NOT NULL,
  `author_id` bigint(20) DEFAULT NULL,
  `album_id` bigint(20) DEFAULT NULL,
  `label_id` bigint(20) DEFAULT NULL,
  `year` int(11) NOT NULL,
  `source` text NOT NULL,
  `tempo` smallint(6) NOT NULL DEFAULT '0',
  `created_at` timestamp NOT NULL DEFAULT CURRENT_TIMESTAMP,
  `updated_at` timestamp NULL DEFAULT NULL,
  `played_at` timestamp NULL DEFAULT NULL,
  `finished_at` timestamp NULL DEFAULT NULL,
  `played_count` bigint(20) NOT NULL DEFAULT '0',
  `is_active` tinyint(4) NOT NULL,
  `volume` tinyint(4) DEFAULT '100',
  `unsplash_search_query` varchar(255) DEFAULT NULL,
  PRIMARY KEY (`id`),
  UNIQUE KEY `author_id_album_id_source_title` (`author_id`,`album_id`,`source`(64),`title`(64)),
  KEY `album_id` (`album_id`),
  KEY `label_id` (`label_id`),
  KEY `_idx_finished_at` (`finished_at`),
  CONSTRAINT `songs_ibfk_1` FOREIGN KEY (`album_id`) REFERENCES `albums` (`id`),
  CONSTRAINT `songs_ibfk_2` FOREIGN KEY (`author_id`) REFERENCES `authors` (`id`),
  CONSTRAINT `songs_ibfk_3` FOREIGN KEY (`label_id`) REFERENCES `labels` (`id`)
) ENGINE=InnoDB AUTO_INCREMENT=347 DEFAULT CHARSET=utf8mb4;
/*!40101 SET character_set_client = @saved_cs_client */;

--
-- Dumping data for table `songs`
--

LOCK TABLES `songs` WRITE;
/*!40000 ALTER TABLE `songs` DISABLE KEYS */;
INSERT INTO `songs` VALUES (1,'Talisman',1,1,1,2017,'[{\"download_link\":\"songs\\/January2019\\/H256Q4xFeR34ZVGbvGYN.mp3\",\"original_name\":\"(2016) RoughNX - Talisman.mp3\"}]',0,'2019-01-20 00:00:00','2020-12-19 05:34:09','2020-12-19 05:30:22','2020-12-19 05:34:09',751,1,100,''),(2,'After The Fall',1,1,1,2016,'[{\"download_link\":\"songs\\/January2019\\/RpmJkDqfpfs02JK5IPDD.mp3\",\"original_name\":\"(2016) RoughNX - Exitus - 07 After The Fall.mp3\"}]',0,'2019-01-20 00:00:00','2020-12-19 08:04:42','2020-12-19 07:58:52','2020-12-19 08:04:42',410,1,100,''),(3,'Who We Want To Be (Original Mix)',2,2,NULL,2012,'[{\"download_link\":\"songs\\/February2019\\/GB9w0tA5eN9I8F60BRFx.flac\",\"original_name\":\"Tom Day - Tom Day - Who We Want To Be (Original Mix).flac\"},{\"download_link\":\"songs\\/April2020\\/TGBXb76KQ0XAYtBE3vKN.flac\",\"original_name\":\"Tom Day - Tom Day - 2012 Collection - 06 Tom Day - Who We Want To Be (Original Mix).flac\"}]',0,'2019-01-20 00:00:00','2020-12-19 01:39:30','2020-12-19 01:32:54','2020-12-19 01:39:30',495,1,100,''),(4,'Vita Fram',3,4,NULL,2018,'[{\"download_link\":\"songs\\/January2019\\/lC2F9pPAizHPQBepST3i.flac\",\"original_name\":\"Fuimadane - Breg\\u00f0ask i - 03 Vita Fram.flac\"}]',0,'2019-01-20 00:00:00','2020-12-18 22:43:09','2020-12-18 22:39:09','2020-12-18 22:43:09',854,1,100,''),(5,'Vættr',3,4,NULL,2018,'[{\"download_link\":\"songs\\/January2019\\/Xwt9TTZzcwsYEgPDqFVr.flac\",\"original_name\":\"Fuimadane - Breg\\u00f0ask i - 08 V\\u00e6ttr.flac\"}]',0,'2019-01-20 00:00:00','2020-12-19 02:58:34','2020-12-19 02:49:58','2020-12-19 02:58:34',856,1,100,''),(6,'Reflection',1,1,1,2015,'[{\"download_link\":\"songs\\/January2019\\/9d1EsWcEQF3RJYaChugD.mp3\",\"original_name\":\"(2015) RoughNX - METAMORPHOSIS -FULL ALBUM- - 01 Reflection.mp3\"}]',0,'2019-01-20 00:00:00','2020-12-18 20:11:01','2020-12-18 20:08:01','2020-12-18 20:11:01',414,1,100,''),(7,'Don\'t Wake Me',1,1,1,2018,'[{\"download_link\":\"songs\\/January2019\\/5rFLo5gRyLDQol2TOTyj.mp3\",\"original_name\":\"(2017) RoughNX - Don\'t Wake Me From This Sleep..mp3\"}]',0,'2019-01-20 06:28:33','2020-12-19 01:12:03','2020-12-19 01:08:39','2020-12-19 01:12:03',763,1,100,NULL),(8,'Limbo',4,5,1,2017,'[{\"download_link\":\"songs\\/January2019\\/AQRRIMmf4kzSOmvjPQcE.mp3\",\"original_name\":\"(2017) RoughNX - Limbo (Long Edit).mp3\"},{\"download_link\":\"songs\\/April2020\\/VPMCw5hZXo6w9roWjsPB.flac\",\"original_name\":\"roughNX - Falcon -2018- - 12 Limbo (Extended) -Bonus-.flac\"}]',0,'2019-01-20 06:35:05','2020-12-19 09:33:34','2020-12-19 09:26:09','2020-12-19 09:33:34',580,1,100,''),(9,'The Showdown',5,6,NULL,2014,'[{\"download_link\":\"songs\\/January2019\\/bKqZO4sJsmZeLQQNdcXb.mp3\",\"original_name\":\"NOVAH - The Showdown.mp3\"}]',0,'2019-01-20 06:40:36','2020-12-19 13:59:38','2020-12-19 13:55:34','2020-12-19 13:59:38',496,1,100,''),(10,'Nyssa',1,1,1,2016,'[{\"download_link\":\"songs\\/January2019\\/Qpd6yoSiHWaztOkVbIr4.mp3\",\"original_name\":\"(2016) RoughNX - Exitus - 06 Nyssa.mp3\"}]',0,'2019-01-20 06:42:15','2020-12-18 23:39:01','2020-12-18 23:33:54','2020-12-18 23:39:01',755,1,100,''),(11,'Triumph',6,7,NULL,2013,'[{\"download_link\":\"songs\\/January2019\\/7Zkg7Gz4V4FWVWIPFHnC.flac\",\"original_name\":\"Neurotech - The Decipher Volumes - 17 Triumph.flac\"}]',0,'2019-01-23 05:27:07','2020-12-19 06:18:20','2020-12-19 06:14:27','2020-12-19 06:18:20',441,1,100,''),(12,'Decipher',6,7,NULL,2013,'[{\"download_link\":\"songs\\/January2019\\/S4cy9BXrARod79Fu57lV.flac\",\"original_name\":\"Neurotech - The Decipher Volumes - 20 Decipher.flac\"}]',0,'2019-01-23 05:28:42','2020-12-19 03:05:41','2020-12-19 02:58:34','2020-12-19 03:05:41',430,1,100,'galaxy universe deer'),(13,'No Turning Back',6,7,NULL,2013,'[{\"download_link\":\"songs\\/January2019\\/p15yU7eunuItK0ObuvkG.flac\",\"original_name\":\"Neurotech - The Decipher Volumes - 16 No Turning Back.flac\"}]',0,'2019-01-23 05:29:21','2020-12-19 04:01:24','2020-12-19 03:57:06','2020-12-19 04:01:24',441,1,100,''),(14,'Forlorn Hope',1,1,1,2017,'[{\"download_link\":\"songs\\/January2019\\/yaVeoWvVG6jXFp1B8Eoc.mp3\",\"original_name\":\"(2017) RoughNX - Forlorn Hope.mp3\"}]',0,'2019-01-23 05:38:36','2020-12-19 08:41:48','2020-12-19 08:37:22','2020-12-19 08:41:48',410,1,100,''),(15,'Chevy Chase',8,8,NULL,2017,'[{\"download_link\":\"songs\\/March2019\\/102iwL1ni3XbB7KxMGQP.flac\",\"original_name\":\"Arvo Party - 1-1-2017 - 04 Chevy Chase (Radio Edit).flac\"},{\"download_link\":\"songs\\/April2020\\/HuQD97CIKrNVa0VUZxe7.flac\",\"original_name\":\"Arvo Party - 1-1-2017 - 04 Chevy Chase.flac\"}]',0,'2019-01-26 23:39:42','2020-12-19 03:25:29','2020-12-19 03:18:57','2020-12-19 03:25:29',502,1,100,''),(16,'Departure From Varna',9,NULL,NULL,2018,'[{\"download_link\":\"songs\\/January2019\\/YbwdnXdyC4QJfxSS3J3U.flac\",\"original_name\":\"ERRORIST - Departure From Varna.flac\"}]',0,'2019-01-27 00:14:02','2020-12-19 15:15:08','2020-12-19 15:09:16','2020-12-19 15:15:08',499,1,100,''),(17,'Time Out',10,9,NULL,2018,'[{\"download_link\":\"songs\\/January2019\\/jEZOiEeh7MmDFpyFZcQw.flac\",\"original_name\":\"Samo & Co - Time Out.flac\"}]',0,'2019-01-27 00:26:25','2020-12-19 14:28:03','2020-12-19 14:21:57','2020-12-19 14:28:03',499,1,100,''),(18,'Aftermath',11,10,NULL,2016,'[{\"download_link\":\"songs\\/January2019\\/UBl3ZACOkIGKfILjXRee.flac\",\"original_name\":\"neon shudder - Aftermath.flac\"},{\"download_link\":\"songs\\/April2020\\/ZGJaYIbLcm01XKXXdUPC.flac\",\"original_name\":\"neon shudder - Cadence - 19 Aftermath.flac\"}]',0,'2019-01-27 00:36:10','2020-12-19 15:53:27','2020-12-19 15:50:11','2020-12-19 15:53:27',486,1,100,''),(19,'Spirits Of The Future',12,11,1,2015,'[{\"download_link\":\"songs\\/January2019\\/G02cT5PgpAGY6YxFQ5YP.mp3\",\"original_name\":\"(2015) RoughNX - Trapped In A Dream -Deluxe Edition 2016- - 05 Spirits Of The Future.mp3\"},{\"download_link\":\"songs\\/April2020\\/v1KExcm6Y95dRKqNGYxq.flac\",\"original_name\":\"roughNX - Trapped In A Dream -2015- - 05 Spirits Of The Future.flac\"}]',0,'2019-01-27 01:07:04','2020-12-19 11:20:48','2020-12-19 11:17:24','2020-12-19 11:20:48',844,1,70,''),(20,'Spirits Of The Past',12,12,1,2015,'[{\"download_link\":\"songs\\/January2019\\/vNWfqG7StsVujQYisfOZ.mp3\",\"original_name\":\"(2015) RoughNX - Sanctum -FULL EP- - 03 Spirits Of The Past.mp3\"}]',0,'2019-01-27 01:08:16','2020-12-19 09:26:09','2020-12-19 09:23:00','2020-12-19 09:26:09',782,1,90,''),(21,'FIGHT MUSIC',12,13,1,2014,'[{\"download_link\":\"songs\\/January2019\\/HlYOXMgvicUxWLdz2H1P.mp3\",\"original_name\":\"(2014) RoughNX - INNER WAR -FULL EP- - 04 FIGHT MUSIC.mp3\"}]',0,'2019-01-27 01:10:41','2020-12-18 20:00:55','2020-12-18 19:57:26','2020-12-18 20:00:55',423,1,100,''),(22,'Waking The Demon',12,12,1,2014,'[{\"download_link\":\"songs\\/January2019\\/j84brbMfF5CU719gtmgM.mp3\",\"original_name\":\"(2014) RoughNX - Sanctum -FULL EP- - 02 Waking The Demon.mp3\"}]',0,'2019-01-27 01:12:10','2020-12-19 00:51:03','2020-12-19 00:48:16','2020-12-19 00:51:03',421,1,100,''),(23,'Fortuna',12,NULL,1,2015,'[{\"download_link\":\"songs\\/January2019\\/ZtUxYgNfkGnDMcBoGUoG.mp3\",\"original_name\":\"(2015) RoughNX - Fortuna.mp3\"}]',0,'2019-01-27 01:27:09','2020-12-18 19:14:38','2020-12-18 19:11:16','2020-12-18 19:14:38',775,1,100,''),(24,'Trapped In A Dream',12,11,1,2015,'[{\"download_link\":\"songs\\/January2019\\/CnOjxxSLvVYAwOJCiwFv.mp3\",\"original_name\":\"(2015) RoughNX - Trapped In A Dream -Deluxe Edition 2016- - 06 Trapped In A Dream.mp3\"},{\"download_link\":\"songs\\/April2020\\/juuwIzD1b7hLKy6wEG4w.flac\",\"original_name\":\"roughNX - Trapped In A Dream -2015- - 06 Trapped In A Dream.flac\"}]',0,'2019-01-27 01:28:21','2020-12-18 14:00:53','2020-12-18 13:56:38','2020-12-18 14:00:53',855,1,100,''),(25,'Wake Up',12,11,1,2015,'[{\"download_link\":\"songs\\/January2019\\/gQvgivEXzQHpR7XwbZz1.mp3\",\"original_name\":\"(2015) RoughNX - Trapped In A Dream -Deluxe Edition 2016- - 07 Wake Up.mp3\"},{\"download_link\":\"songs\\/April2020\\/gloORhzmcV2v23YIVK8d.flac\",\"original_name\":\"roughNX - Trapped In A Dream -2015- - 07 Wake Up.flac\"}]',0,'2019-01-27 01:29:46','2020-12-19 01:42:59','2020-12-19 01:39:30','2020-12-19 01:42:59',850,1,100,''),(26,'Between The Rings',13,14,NULL,2017,'[{\"download_link\":\"songs\\/January2019\\/ZXlLziTM7pv0g1cSnRT6.flac\",\"original_name\":\"Stellardrone - Between The Rings - 05 Between The Rings.flac\"}]',0,'2019-01-27 15:38:45','2020-12-18 22:09:15','2020-12-18 22:04:08','2020-12-18 22:09:15',463,1,100,''),(27,'To The Great Beyond',13,14,NULL,2017,'[{\"download_link\":\"songs\\/January2019\\/ounjWoWX0cbjqmeq4UiK.flac\",\"original_name\":\"Stellardrone - Between The Rings - 01 To The Great Beyond.flac\"}]',0,'2019-01-27 15:42:24','2020-12-19 07:42:20','2020-12-19 07:36:45','2020-12-19 07:42:20',466,1,100,''),(28,'Breathe In The Light',13,14,NULL,2015,'[{\"download_link\":\"songs\\/January2019\\/HHI2UUhPVCTPnKdQ3ZEW.flac\",\"original_name\":\"Stellardrone - Between The Rings - 02 Breathe In The Light.flac\"}]',0,'2019-01-27 16:57:16','2020-12-19 04:19:53','2020-12-19 04:14:56','2020-12-19 04:19:53',840,1,100,''),(29,'Billions And Billions',13,15,NULL,2011,'[{\"download_link\":\"songs\\/January2019\\/d9g48IJlyPcqQ0XlJ5tu.flac\",\"original_name\":\"Stellardrone - A Moment Of Stillness - 02 Billions And Billions.flac\"}]',0,'2019-01-27 17:01:50','2020-12-19 06:05:58','2020-12-19 06:00:44','2020-12-19 06:05:58',466,1,100,''),(30,'Smíða',3,4,NULL,2018,'[{\"download_link\":\"songs\\/January2019\\/vyEi9Dk2xnCXKZzzrJh1.flac\",\"original_name\":\"Fuimadane - Breg\\u00f0ask i - 12 Sm\\u00ed\\u00f0a.flac\"}]',0,'2019-01-27 17:12:12','2020-12-18 20:29:43','2020-12-18 20:25:47','2020-12-18 20:29:43',831,1,100,''),(31,'ANOTHER LIFE',12,13,1,2014,'[{\"download_link\":\"songs\\/January2019\\/z0x7RjwXd9mwAIGXEKWW.mp3\",\"original_name\":\"(2014) RoughNX - INNER WAR -FULL EP- - 05 ANOTHER LIFE.mp3\"}]',0,'2019-01-27 17:15:33','2020-12-19 13:18:54','2020-12-19 13:14:35','2020-12-19 13:18:54',410,1,100,''),(32,'Battlefield',12,16,NULL,2015,'[{\"download_link\":\"songs\\/January2019\\/NdbrMAOGHJHHpOVyZtzk.mp3\",\"original_name\":\"(2015) RoughNX - METAMORPHOSIS -FULL ALBUM- - 15 Battlefield.mp3\"}]',0,'2019-01-27 17:19:52','2020-12-18 21:32:41','2020-12-18 21:27:48','2020-12-18 21:32:41',426,1,100,''),(33,'Leaving Earth',1,1,1,2017,'[{\"download_link\":\"songs\\/January2019\\/1YLMMGZzQRXu62jBg4AX.mp3\",\"original_name\":\"(2017) RoughNX - Leaving Earth.mp3\"}]',0,'2019-01-27 17:23:54','2020-12-19 15:42:31','2020-12-19 15:37:27','2020-12-19 15:42:30',403,1,100,''),(34,'One Last Stand',1,1,1,2015,'[{\"download_link\":\"songs\\/January2019\\/1joQtnkKTwamQdUbBvCs.mp3\",\"original_name\":\"(2015) RoughNX - Trapped In A Dream -Deluxe Edition 2016- - 11 One Last Stand.mp3\"},{\"download_link\":\"songs\\/April2020\\/pmzdJtH6wlTFsnQOBL3B.flac\",\"original_name\":\"roughNX - Trapped In A Dream -2015- - 11 One Last Stand.flac\"}]',0,'2019-01-27 17:56:28','2020-12-19 10:13:43','2020-12-19 10:10:09','2020-12-19 10:13:43',464,1,100,''),(36,'ORPHANAGE',1,1,1,2016,'[{\"download_link\":\"songs\\/January2019\\/Rhia90kSsm6XiL4y3uTM.mp3\",\"original_name\":\"(2016) RoughNX - Catharsis -FULL ALBUM- - 01 Orphanage.mp3\"}]',0,'2019-01-27 17:59:16','2020-12-19 00:36:57','2020-12-19 00:34:57','2020-12-19 00:36:57',747,1,100,''),(37,'Purity',12,17,1,2016,'[{\"download_link\":\"songs\\/January2019\\/1e6IdqZ2k7CmGKwc7EB0.mp3\",\"original_name\":\"(2016) RoughNX - Catharsis -FULL ALBUM- - 05 Purity.mp3\"}]',0,'2019-01-27 18:12:40','2020-12-18 17:14:53','2020-12-18 17:12:52','2020-12-18 17:14:53',410,1,100,''),(38,'Into The Night',1,1,1,2016,'[{\"download_link\":\"songs\\/January2019\\/8BsHB9PuLVjiXpOtGBRw.mp3\",\"original_name\":\"(2016) RoughNX - Exitus - 02 Into The Night.mp3\"}]',0,'2019-01-27 18:35:12','2020-12-18 17:32:51','2020-12-18 17:29:40','2020-12-18 17:32:51',396,1,100,''),(39,'Visions In The Dark',1,1,1,2016,'[{\"download_link\":\"songs\\/January2019\\/w5ePdySRIZScKrzBAxI1.mp3\",\"original_name\":\"(2016) RoughNX - Exitus - 03 Visions In The Dark.mp3\"}]',0,'2019-01-27 18:41:08','2020-12-19 16:17:07','2020-12-19 16:13:30','2020-12-19 16:17:07',747,1,100,''),(40,'I Am So Tired',1,1,1,2017,'[{\"download_link\":\"songs\\/January2019\\/DGNDdEep0AXFkaWZ1eci.mp3\",\"original_name\":\"(2017) RoughNX - I am tired now..mp3\"}]',0,'2019-01-27 19:01:03','2020-12-18 14:49:26','2020-12-18 14:45:43','2020-12-18 14:49:26',749,1,100,''),(41,'LET GO (Extended Version)',1,1,1,2017,'[{\"download_link\":\"songs\\/January2019\\/mjQ3IZKsrQnf0S50QulO.mp3\",\"original_name\":\"(2017) RoughNX - Let Go.mp3\"}]',0,'2019-01-27 19:05:51','2020-12-19 11:36:02','2020-12-19 11:30:02','2020-12-19 11:36:02',390,1,100,''),(42,'Looking Skywards',1,1,1,2017,'[{\"download_link\":\"songs\\/January2019\\/sJgQFyfNa9aEHQPUTd2O.mp3\",\"original_name\":\"(2017) RoughNX - Looking Skywards.mp3\"}]',0,'2019-01-27 19:13:33','2020-12-18 19:34:43','2020-12-18 19:31:29','2020-12-18 19:34:43',749,1,100,''),(43,'STANDOFF',1,1,1,2017,'[{\"download_link\":\"songs\\/January2019\\/4DGuYMqgXcDUH7iUzHOe.mp3\",\"original_name\":\"(2017) RoughNX - Standoff.mp3\"},{\"download_link\":\"songs\\/April2020\\/kiRxVs5sHUJhs5UEY1ce.flac\",\"original_name\":\"roughNX - Falcon -2018- - 11 Standoff.flac\"}]',0,'2019-01-27 19:14:35','2020-12-19 10:58:11','2020-12-19 10:54:34','2020-12-19 10:58:11',786,1,100,NULL),(44,'The Flood',1,1,1,2017,'[{\"download_link\":\"songs\\/January2019\\/YsdA8H0s2oxg5qEXCgGe.mp3\",\"original_name\":\"(2017) RoughNX - The Flood.mp3\"}]',0,'2019-01-27 19:23:20','2020-12-19 06:39:25','2020-12-19 06:34:51','2020-12-19 06:39:25',393,1,100,''),(45,'The World Is Not Enough',1,1,1,2016,'[{\"download_link\":\"songs\\/January2019\\/EGfc9fo7xVseTmdiaCJ8.mp3\",\"original_name\":\"(2016) RoughNX - The World Is Not Enough.mp3\"}]',0,'2019-01-27 19:31:36','2020-12-19 02:49:59','2020-12-19 02:43:47','2020-12-19 02:49:58',402,1,100,''),(46,'The Battle Is Over',1,1,1,2016,'[{\"download_link\":\"songs\\/January2019\\/sz3oaM6B0Zxpx0sdASWz.mp3\",\"original_name\":\"(2016) RoughNX - The Battle Is Over.mp3\"}]',0,'2019-01-27 19:34:23','2020-12-18 20:49:26','2020-12-18 20:45:43','2020-12-18 20:49:26',394,1,100,''),(47,'FALL OF LIBERTY',12,13,1,2014,'[{\"download_link\":\"songs\\/January2019\\/BOZFd6jZPJgYBx2pbBAe.mp3\",\"original_name\":\"(2014) RoughNX - INNER WAR -FULL EP- - 03 FALL OF LIBERTY.mp3\"}]',0,'2019-01-27 19:41:34','2020-12-18 23:08:30','2020-12-18 23:05:11','2020-12-18 23:08:30',415,1,100,''),(48,'TITANFALL',12,13,NULL,2014,'[{\"download_link\":\"songs\\/January2019\\/VrCOASw2OtkTRf3SjMdP.mp3\",\"original_name\":\"(2014) RoughNX - INNER WAR -FULL EP- - 02 TITANFALL.mp3\"}]',0,'2019-01-27 19:42:38','2020-12-19 04:33:21','2020-12-19 04:29:54','2020-12-19 04:33:21',775,1,100,''),(49,'FORERUNNERS',12,13,1,2014,'[{\"download_link\":\"songs\\/January2019\\/hZr3uAzfDqustzeS3KQM.mp3\",\"original_name\":\"(2014) RoughNX - INNER WAR -FULL EP- - 06 FORERUNNERS.mp3\"}]',0,'2019-01-27 19:45:02','2020-12-19 16:36:51','2020-12-19 16:33:22','2020-12-19 16:36:51',411,1,100,''),(50,'Never Back Down',12,16,1,2015,'[{\"download_link\":\"songs\\/January2019\\/vbg5dRaRVQ7xbUgrlYz5.mp3\",\"original_name\":\"(2015) RoughNX - METAMORPHOSIS -FULL ALBUM- - 03 Never Back Down.mp3\"}]',0,'2019-01-27 19:47:47','2020-12-19 06:42:17','2020-12-19 06:39:25','2020-12-19 06:42:17',411,1,100,''),(52,'Outlast',12,12,1,2014,'[{\"download_link\":\"songs\\/January2019\\/thPMY3fg1ofYxTJW1zST.mp3\",\"original_name\":\"(2014) RoughNX - Sanctum -FULL EP- - 05 Outlast.mp3\"}]',0,'2019-01-27 19:50:11','2020-12-18 08:47:30','2020-12-18 08:44:16','2020-12-18 08:47:30',410,1,100,''),(53,'Lost Along The Way',12,17,1,2016,'[{\"download_link\":\"songs\\/January2019\\/ggI55H47CKwqEnZ2o5C1.mp3\",\"original_name\":\"(2016) RoughNX - Catharsis -FULL ALBUM- - 06 Lost Along The Way.mp3\"}]',0,'2019-01-27 19:51:40','2020-12-19 07:52:16','2020-12-19 07:48:51','2020-12-19 07:52:16',408,1,100,''),(55,'Forbandelsen',3,NULL,NULL,2018,'[{\"download_link\":\"songs\\/January2019\\/IdS7rCZGSEOoMOesVWT9.flac\",\"original_name\":\"Fuimadane - Forbandelsen.flac\"}]',0,'2019-01-27 20:14:59','2020-12-19 05:24:30','2020-12-19 05:18:31','2020-12-19 05:24:30',840,1,100,''),(56,'Red Giant',13,18,NULL,2013,'[{\"download_link\":\"songs\\/January2019\\/JjlODPn0LADy6NgKhoZ7.flac\",\"original_name\":\"Stellardrone - Light Years - 01 Red Giant.flac\"}]',0,'2019-01-27 21:10:10','2020-12-19 06:45:28','2020-12-19 06:42:17','2020-12-19 06:45:28',470,1,100,''),(57,'The Contract',11,10,NULL,2016,'[{\"download_link\":\"songs\\/January2019\\/2PBsqVdV3Fzav01YAMLk.flac\",\"original_name\":\"neon shudder - Cadence - 06 The Contract.flac\"}]',0,'2019-01-28 20:19:24','2020-12-19 07:44:32','2020-12-19 07:42:20','2020-12-19 07:44:32',462,1,100,''),(63,'petrichor',11,20,NULL,2015,'[{\"download_link\":\"songs\\/January2019\\/slyBvuqTFuFLJ5KWiL8H.flac\",\"original_name\":\"neon shudder - hex phase - 03 petrichor.flac\"}]',0,'2019-01-28 22:10:08','2020-12-19 12:53:45','2020-12-19 12:50:33','2020-12-19 12:53:45',470,1,100,''),(64,'Galaxy\'s Child',14,21,NULL,2016,'[{\"download_link\":\"songs\\/January2019\\/D2avdQpngmjWHXybTh2y.mp3\",\"original_name\":\"Dreamstate Logic - Galaxy\'s Child.mp3\"}]',0,'2019-01-29 22:58:56','2020-12-19 13:46:17','2020-12-19 13:36:45','2020-12-19 13:46:17',756,1,100,''),(65,'Emergence',14,21,NULL,2016,'[{\"download_link\":\"songs\\/January2019\\/bPFSceF1RJVa3gCOxVhG.mp3\",\"original_name\":\"Dreamstate Logic - Emergence.mp3\"}]',0,'2019-01-29 23:08:47','2020-12-19 00:31:19','2020-12-19 00:21:09','2020-12-19 00:31:19',763,1,100,''),(66,'Time Flies',15,NULL,NULL,2012,'[{\"download_link\":\"songs\\/January2019\\/qNoqbpJKe6JUNisfOrLP.mp3\",\"original_name\":\"Phase - Time Flies (Liquid DnB).mp3\"}]',0,'2019-01-29 23:17:46','2020-12-19 15:47:00','2020-12-19 15:42:30','2020-12-19 15:47:00',857,1,100,''),(67,'breaking protocol',11,20,NULL,2015,'[{\"download_link\":\"songs\\/January2019\\/JCy9vcpkiaiqvMjOVim3.flac\",\"original_name\":\"neon shudder - hex phase - 01 breaking protocol.flac\"}]',0,'2019-01-29 23:44:10','2020-12-19 10:20:43','2020-12-19 10:16:43','2020-12-19 10:20:43',464,1,100,''),(68,'Ad Astra',14,21,NULL,2015,'[{\"download_link\":\"songs\\/January2019\\/N6FLT5GBVaQrRncoXIIv.mp3\",\"original_name\":\"Dreamstate Logic - Ad Astra.mp3\"}]',0,'2019-01-29 23:56:39','2020-12-19 09:43:21','2020-12-19 09:33:34','2020-12-19 09:43:21',759,1,100,''),(69,'Unknown Future',14,21,NULL,2016,'[{\"download_link\":\"songs\\/January2019\\/Nzl2K3jolnwe9164fsuA.mp3\",\"original_name\":\"Dreamstate Logic - Unknown Future.mp3\"}]',0,'2019-01-29 23:59:41','2020-12-18 22:30:24','2020-12-18 22:20:33','2020-12-18 22:30:24',764,1,100,''),(70,'Across The Void',14,21,NULL,2016,'[{\"download_link\":\"songs\\/January2019\\/IpizqnjSfEbTl1Lzgpj8.mp3\",\"original_name\":\"Dreamstate Logic - Across The Void.mp3\"}]',0,'2019-01-30 00:21:49','2020-12-19 12:23:27','2020-12-19 12:13:40','2020-12-19 12:23:27',760,1,100,''),(71,'Among The Fallen Stars',14,21,NULL,2016,'[{\"download_link\":\"songs\\/January2019\\/JFhgSY1ldautUf9NqASG.mp3\",\"original_name\":\"Dreamstate Logic - Among The Fallen Stars.mp3\"}]',0,'2019-01-30 00:29:01','2020-12-19 16:26:50','2020-12-19 16:17:07','2020-12-19 16:26:50',761,1,100,''),(72,'Compass',6,24,NULL,2015,'[{\"download_link\":\"songs\\/January2019\\/397eJtMXMBT942Y4EsGJ.flac\",\"original_name\":\"Neurotech - Evasive - 02 Compass.flac\"}]',0,'2019-01-30 01:14:47','2020-12-19 16:59:21','2020-12-19 16:55:10','2020-12-19 16:59:21',784,1,100,''),(73,'From Liquid to Solid',6,24,NULL,2015,'[{\"download_link\":\"songs\\/January2019\\/2i7LmKgjf3bCseGwoooF.flac\",\"original_name\":\"Neurotech - Evasive - 03 From Liquid to Solid.flac\"}]',0,'2019-01-30 01:15:46','2020-12-18 23:41:19','2020-12-18 23:39:01','2020-12-18 23:41:19',416,1,100,''),(74,'I Desensitize',6,24,NULL,2015,'[{\"download_link\":\"songs\\/January2019\\/Bnx6nzRHCzRhFJ3Di5s0.flac\",\"original_name\":\"Neurotech - Evasive - 04 I Desensitize.flac\"}]',0,'2019-01-30 01:17:03','2020-12-18 16:22:36','2020-12-18 16:17:01','2020-12-18 16:22:36',411,1,100,''),(75,'The Resurface',6,24,NULL,2015,'[{\"download_link\":\"songs\\/January2019\\/MZmtl5kFROb1zPFFx1bd.flac\",\"original_name\":\"Neurotech - Evasive - 06 The Resurface.flac\"}]',0,'2019-01-30 01:18:38','2020-12-19 15:58:18','2020-12-19 15:53:27','2020-12-19 15:58:18',775,1,100,''),(76,'Through the Divine',6,24,NULL,2015,'[{\"download_link\":\"songs\\/January2019\\/Rm0QfoGTCyElD27r01J9.flac\",\"original_name\":\"Neurotech - Evasive - 10 Through the Divine.flac\"}]',0,'2019-01-30 01:19:41','2020-12-18 22:53:24','2020-12-18 22:47:33','2020-12-18 22:53:24',771,1,100,''),(78,'The Beating Heart',17,25,NULL,2018,'[{\"download_link\":\"songs\\/January2019\\/TzkvCPbHAWLPo6sxBogE.flac\",\"original_name\":\"Robert Oaks - The Beating Heart EP - 01 The Beating Heart.flac\"}]',0,'2019-01-30 14:37:26','2020-04-18 23:27:09','2020-04-18 23:19:08','2020-04-18 23:27:09',21,1,100,''),(79,'Retrieve',6,26,NULL,2016,'[{\"download_link\":\"songs\\/January2019\\/eb4fDVQ9OvX4PjPWo91y.flac\",\"original_name\":\"Neurotech - In Remission - 01 Retrieve.flac\"}]',0,'2019-01-30 14:46:49','2020-12-18 20:17:27','2020-12-18 20:14:08','2020-12-18 20:17:27',769,1,100,''),(80,'The Way Home',18,27,NULL,2009,'[{\"download_link\":\"songs\\/January2019\\/J9ucLYZPqBgiqyROClwV.flac\",\"original_name\":\"Sleep Dealer - The Way Home - 04 The Way Home.flac\"}]',0,'2019-01-31 11:28:05','2020-12-19 16:42:35','2020-12-19 16:36:51','2020-12-19 16:42:35',775,1,100,''),(81,'The Tenth Planet',18,27,NULL,2009,'[{\"download_link\":\"songs\\/January2019\\/umIJaBoPmq8FcsZ4S1VU.flac\",\"original_name\":\"Sleep Dealer - The Way Home - 05 The Tenth Planet.flac\"}]',0,'2019-01-31 11:28:39','2020-12-19 04:11:34','2020-12-19 04:05:46','2020-12-19 04:11:34',787,1,100,''),(82,'Point Of No Return',18,28,NULL,2012,'[{\"download_link\":\"songs\\/January2019\\/nYn4hBj2tCfhCinT5s7m.flac\",\"original_name\":\"Sleep Dealer - Shadows Of The Past - 01 Point Of No Return.flac\"}]',0,'2019-01-31 11:33:26','2020-12-18 18:33:58','2020-12-18 18:29:32','2020-12-18 18:33:58',789,1,100,''),(83,'Imminence',18,29,NULL,2013,'[{\"download_link\":\"songs\\/January2019\\/zpFDzunEHMpD1rACSsT8.flac\",\"original_name\":\"Sleep Dealer - Imminence - 01 Imminence.flac\"}]',0,'2019-01-31 11:35:09','2020-12-19 06:34:51','2020-12-19 06:30:20','2020-12-19 06:34:51',785,1,100,''),(84,'Wheel Of Time',18,29,NULL,2013,'[{\"download_link\":\"songs\\/January2019\\/En5JEeGJYHPEyMOYlKYc.flac\",\"original_name\":\"Sleep Dealer - Imminence - 02 Wheel Of Time.flac\"}]',0,'2019-01-31 19:57:36','2020-12-18 21:52:28','2020-12-18 21:47:58','2020-12-18 21:52:28',782,1,100,''),(85,'Away',18,29,NULL,2013,'[{\"download_link\":\"songs\\/January2019\\/7HGuUcdkXJOUDBhk6TQ2.flac\",\"original_name\":\"Sleep Dealer - Imminence - 03 Away.flac\"}]',0,'2019-01-31 19:59:19','2020-12-19 11:17:24','2020-12-19 11:12:22','2020-12-19 11:17:24',774,1,100,''),(86,'Hidden Path',18,29,NULL,2013,'[{\"download_link\":\"songs\\/January2019\\/FsBz2OC3Xs6wFVAX0278.flac\",\"original_name\":\"Sleep Dealer - Imminence - 04 Hidden Path.flac\"}]',0,'2019-01-31 19:59:52','2020-12-19 09:08:48','2020-12-19 09:04:29','2020-12-19 09:08:48',784,1,100,''),(87,'On The Edge',18,29,NULL,2013,'[{\"download_link\":\"songs\\/January2019\\/rtPHCj4nZ2dM9PlQpWfj.flac\",\"original_name\":\"Sleep Dealer - Imminence - 05 On The Edge.flac\"}]',0,'2019-01-31 20:01:22','2020-12-19 08:28:34','2020-12-19 08:23:40','2020-12-19 08:28:34',787,1,100,''),(88,'A Storm Was Gathering',18,29,NULL,2013,'[{\"download_link\":\"songs\\/January2019\\/d18wxkUH80nl0Y2WauwF.flac\",\"original_name\":\"Sleep Dealer - Imminence - 07 A Storm Was Gathering.flac\"}]',0,'2019-01-31 20:02:15','2020-12-19 12:43:24','2020-12-19 12:38:31','2020-12-19 12:43:24',785,1,100,''),(89,'Nozomi',18,27,NULL,2012,'[{\"download_link\":\"songs\\/January2019\\/r6v8TpzEbvh68PB3lYcE.flac\",\"original_name\":\"Sleep Dealer - The Way Home - 01 Nozomi.flac\"}]',0,'2019-01-31 20:05:30','2020-12-18 20:55:32','2020-12-18 20:51:18','2020-12-18 20:55:32',787,1,100,''),(90,'Death rattle',19,30,NULL,2018,'[{\"download_link\":\"songs\\/February2019\\/6i8BwWNowFyhnI9r9cqL.flac\",\"original_name\":\"Birds Die Alone - Death rattle.flac\"}]',0,'2019-02-02 19:36:07','2020-12-18 23:00:49','2020-12-18 22:56:54','2020-12-18 23:00:49',547,1,100,''),(91,'Drowning in your eyes',19,30,NULL,2018,'[{\"download_link\":\"songs\\/February2019\\/k3W7CQaQ1u5iai4KvS1v.flac\",\"original_name\":\"Birds Die Alone - Drowning in your eyes.flac\"}]',0,'2019-02-02 19:38:47','2020-12-18 17:05:57','2020-12-18 17:03:11','2020-12-18 17:05:57',541,1,100,''),(92,'in my mind',19,30,NULL,2018,'[{\"download_link\":\"songs\\/February2019\\/UmZw1w4gikEEajcDRUIp.flac\",\"original_name\":\"Birds Die Alone - in my mind.flac\"}]',0,'2019-02-02 19:40:18','2020-12-18 19:07:19','2020-12-18 19:03:36','2020-12-18 19:07:19',542,1,100,''),(93,'Meet you at the moon',19,30,NULL,2018,'[{\"download_link\":\"songs\\/February2019\\/U2gp1iaA4n6l9qI4n94i.flac\",\"original_name\":\"Birds Die Alone - Meet you at the moon.flac\"}]',0,'2019-02-02 19:46:56','2020-12-19 03:08:28','2020-12-19 03:05:41','2020-12-19 03:08:28',548,1,100,''),(94,'Remember',19,30,NULL,2018,'[{\"download_link\":\"songs\\/February2019\\/GnmdmTPnOp7oOMSYaX7l.flac\",\"original_name\":\"Birds Die Alone - Remember.flac\"}]',0,'2019-02-02 19:49:00','2020-12-19 16:49:23','2020-12-19 16:45:54','2020-12-19 16:49:23',550,1,100,''),(95,'Roofs',19,30,NULL,2018,'[{\"download_link\":\"songs\\/February2019\\/cRxlsq2lSo8ksbbIZQYt.flac\",\"original_name\":\"Birds Die Alone - Roofs.flac\"}]',0,'2019-02-02 19:51:33','2020-12-19 03:49:12','2020-12-19 03:45:43','2020-12-19 03:49:12',549,1,100,''),(96,'When the fire burn',19,30,NULL,2018,'[{\"download_link\":\"songs\\/February2019\\/w62PVs3hR6sQDFVKf1Qe.flac\",\"original_name\":\"Birds Die Alone - When the fire burn.flac\"}]',0,'2019-02-02 19:59:08','2020-12-19 07:20:33','2020-12-19 07:16:41','2020-12-19 07:20:33',551,1,100,''),(97,'You know',19,30,NULL,2018,'[{\"download_link\":\"songs\\/February2019\\/LbMrp4Jxl91iEUe7IOar.flac\",\"original_name\":\"Birds Die Alone - You know.flac\"}]',0,'2019-02-02 20:00:18','2020-12-19 11:38:40','2020-12-19 11:36:02','2020-12-19 11:38:40',543,1,100,''),(98,'Breathless',19,31,NULL,2018,'[{\"download_link\":\"songs\\/February2019\\/8Dkwjn2tXjoe2p6Wty66.flac\",\"original_name\":\"Birds Die Alone - Breathless.flac\"}]',0,'2019-02-02 20:07:08','2020-12-19 14:08:17','2020-12-19 14:05:12','2020-12-19 14:08:17',548,1,100,''),(99,'Cries',19,31,NULL,2015,'[{\"download_link\":\"songs\\/February2019\\/xKRubvN0nGSS9PHqWuX5.flac\",\"original_name\":\"Birds Die Alone - Cries.flac\"}]',0,'2019-02-02 20:09:33','2020-12-18 18:27:09','2020-12-18 18:24:21','2020-12-18 18:27:09',538,1,100,''),(100,'Time forgot',19,32,NULL,2016,'[{\"download_link\":\"songs\\/February2019\\/GjvV6N4dHG28O7JiAvWf.flac\",\"original_name\":\"Birds Die Alone - Past.flac\"},{\"download_link\":\"songs\\/April2020\\/BjKWZm0xJPytUhdV6aKq.flac\",\"original_name\":\"Birds Die Alone - Time forgot.flac\"}]',0,'2019-02-02 20:10:28','2020-12-18 22:16:46','2020-12-18 22:13:43','2020-12-18 22:16:46',537,1,100,''),(101,'See through dreams',19,33,NULL,2017,'[{\"download_link\":\"songs\\/February2019\\/Lvzh8CxnVnalStoQl6io.flac\",\"original_name\":\"Birds Die Alone - See through dreams.flac\"}]',0,'2019-02-02 20:18:39','2020-12-19 04:22:03','2020-12-19 04:19:53','2020-12-19 04:22:03',553,1,100,''),(102,'Into Aether',14,22,NULL,2018,'[{\"download_link\":\"songs\\/February2019\\/CZxgMhpoXD41UC0LxOk6.mp3\",\"original_name\":\"Dreamstate Logic - Into Aether.mp3\"}]',0,'2019-02-04 01:11:04','2020-12-19 14:36:41','2020-12-19 14:28:03','2020-12-19 14:36:41',730,1,100,''),(103,'Echoes',19,34,NULL,2017,'[{\"download_link\":\"songs\\/February2019\\/9vClEoF4TXuyEXO8TzSh.flac\",\"original_name\":\"Birds Die Alone -  Echoes.flac\"}]',0,'2019-02-04 01:17:44','2020-12-18 23:44:24','2020-12-18 23:41:19','2020-12-18 23:44:24',539,1,100,''),(104,'Hidden Realms',14,22,NULL,2018,'[{\"download_link\":\"songs\\/February2019\\/bqdNqvwrunYvCM09Ivyd.mp3\",\"original_name\":\"Dreamstate Logic - Hidden Realms.mp3\"}]',0,'2019-02-04 01:43:25','2020-12-19 13:03:17','2020-12-19 12:53:45','2020-12-19 13:03:17',741,1,100,''),(105,'take me away',19,35,NULL,2016,'[{\"download_link\":\"songs\\/February2019\\/KW2be2KpcXcjKgwbqLCs.flac\",\"original_name\":\"Birds Die Alone - take me away.flac\"}]',0,'2019-02-04 01:48:36','2020-12-18 17:43:42','2020-12-18 17:40:29','2020-12-18 17:43:42',538,1,100,''),(106,'Edge Of Eternity',14,22,NULL,2017,'[{\"download_link\":\"songs\\/February2019\\/HbeRTV9D34WxmSlVJ1ot.mp3\",\"original_name\":\"Dreamstate Logic - Edge Of Eternity.mp3\"}]',0,'2019-02-04 02:24:26','2020-12-19 15:37:27','2020-12-19 15:27:54','2020-12-19 15:37:27',741,1,100,''),(107,'Make me fly',19,35,NULL,2015,'[{\"download_link\":\"songs\\/February2019\\/Er0MK8ql5ivgKKWekUIJ.flac\",\"original_name\":\"Birds Die Alone - Make me fly.flac\"}]',0,'2019-02-04 02:32:38','2020-12-18 16:12:12','2020-12-18 16:08:21','2020-12-18 16:12:12',547,1,100,''),(108,'Dematerialized',14,22,NULL,2018,'[{\"download_link\":\"songs\\/February2019\\/ve1RCoYVd3fADwR4ajZL.mp3\",\"original_name\":\"Dreamstate Logic - Dematerialized.mp3\"}]',0,'2019-02-04 02:39:38','2020-12-19 17:14:40','2020-12-19 17:14:40','2020-12-18 18:20:09',744,1,100,''),(109,'Silence',19,32,NULL,2016,'[{\"download_link\":\"songs\\/February2019\\/646OWPsqtJjIuH0ruvzs.flac\",\"original_name\":\"Birds Die Alone - Silence.flac\"}]',0,'2019-02-04 15:45:31','2020-12-19 16:11:07','2020-12-19 16:07:07','2020-12-19 16:11:07',539,1,100,''),(110,'Staia',19,33,NULL,2017,'[{\"download_link\":\"songs\\/February2019\\/sTXpuD1P1AvI16Dhea4g.flac\",\"original_name\":\"Birds Die Alone - Staia.flac\"}]',0,'2019-02-04 17:35:03','2020-12-19 08:31:27','2020-12-19 08:28:34','2020-12-19 08:31:27',544,1,100,''),(111,'Against himself',19,35,NULL,2016,'[{\"download_link\":\"songs\\/February2019\\/5HILrm4UmmPqDjtHxRb1.flac\",\"original_name\":\"Birds Die Alone - Against himself.flac\"}]',0,'2019-02-04 17:42:41','2020-12-19 06:30:20','2020-12-19 06:27:03','2020-12-19 06:30:20',545,1,100,''),(112,'Shadows whisper',19,31,NULL,2016,'[{\"download_link\":\"songs\\/February2019\\/mGjOJh8vuorr2fOakCcj.flac\",\"original_name\":\"Birds Die Alone - Shadows whisper.flac\"}]',0,'2019-02-04 18:15:47','2020-12-19 05:44:56','2020-12-19 05:41:04','2020-12-19 05:44:56',539,1,100,''),(113,'Everytime',19,32,NULL,2016,'[{\"download_link\":\"songs\\/February2019\\/meipNWWNfeaFqrFALYyp.flac\",\"original_name\":\"Birds Die Alone - Everytime.flac\"}]',0,'2019-02-04 18:19:50','2020-12-19 02:05:23','2020-12-19 02:01:59','2020-12-19 02:05:23',530,1,100,''),(114,'About Last Night',20,36,NULL,2019,'[{\"download_link\":\"songs\\/February2019\\/kGQs6QkGdvAkQE9UCtu3.wav\",\"original_name\":\"ALPHABOT - About Last Night.wav\"}]',0,'2019-02-13 14:26:14','2020-12-19 12:13:40','2020-12-19 12:10:22','2020-12-19 12:13:40',796,1,100,''),(115,'Cloud 9',20,36,NULL,2018,'[{\"download_link\":\"songs\\/February2019\\/cJZqnnrgSjTHQCO1ltPP.wav\",\"original_name\":\"ALPHABOT -Cloud 9.wav\"}]',0,'2019-02-13 14:27:50','2020-12-19 02:43:47','2020-12-19 02:39:02','2020-12-19 02:43:47',797,1,100,''),(116,'Redline',21,37,NULL,2010,'[{\"download_link\":\"songs\\/February2019\\/PGyCnfk79ssAuyBA82nc.flac\",\"original_name\":\"Lazerhawk - Redline.flac\"}]',0,'2019-02-14 01:24:10','2020-12-19 08:56:34','2020-12-19 08:52:30','2020-12-19 08:56:34',418,1,100,''),(117,'Grief',22,38,NULL,2016,'[{\"download_link\":\"songs\\/February2019\\/m3hL7om79Buz6ZUrhxKl.flac\",\"original_name\":\"Ivan Dominik - Grief.flac\"}]',0,'2019-02-14 01:38:59','2020-12-18 19:11:16','2020-12-18 19:07:19','2020-12-18 19:11:16',423,1,100,''),(119,'Holmgang',25,42,NULL,2017,'[{\"download_link\":\"songs\\/February2019\\/dZDfbQ77fVbhaiaL1XuX.flac\",\"original_name\":\"Danheim - Mannavegr - 01 Holmgang.flac\"}]',0,'2019-02-14 02:10:33','2020-12-18 19:54:35','2020-12-18 19:51:20','2020-12-18 19:54:35',644,1,100,''),(120,'Revolution',24,41,3,2013,'[{\"download_link\":\"songs\\/February2019\\/jWZSkUturQShYmMSzQyK.flac\",\"original_name\":\"Uppermost - Origins (2011-2016) - 20 Revolution.flac\"}]',0,'2019-02-14 02:12:23','2020-12-19 03:41:50','2020-12-19 03:36:19','2020-12-19 03:41:50',421,1,100,''),(121,'Mistakes',24,41,3,2012,'[{\"download_link\":\"songs\\/February2019\\/CaoEhz9rqDnJOnQwda8N.flac\",\"original_name\":\"Uppermost - Origins (2011-2016) - 08 Mistakes.flac\"}]',0,'2019-02-14 02:13:51','2020-12-19 01:26:10','2020-12-19 01:21:49','2020-12-19 01:26:10',423,1,100,''),(122,'Heljarför (Sigurbodi Vocal Version)',25,42,NULL,2017,'[{\"download_link\":\"songs\\/February2019\\/kqfDXuqGu9RhJYwwEgLA.flac\",\"original_name\":\"Danheim - Mannavegr - 02 Heljarf\\u00f6r (Sigurbodi Vocal Version).flac\"}]',0,'2019-02-14 02:16:25','2020-12-18 21:16:53','2020-12-18 21:12:38','2020-12-18 21:16:53',652,1,100,''),(123,'Gripir (Sigurbodi Vocal Version)',25,42,NULL,2017,'[{\"download_link\":\"songs\\/February2019\\/4yhwr78vJ177cpRLoXfE.flac\",\"original_name\":\"Danheim - Mannavegr - 03 Gripir (Sigurbodi Vocal Version).flac\"}]',0,'2019-02-14 02:17:24','2020-12-19 12:38:31','2020-12-19 12:34:47','2020-12-19 12:38:31',639,1,100,''),(124,'Folkvangr',25,42,NULL,2017,'[{\"download_link\":\"songs\\/February2019\\/2g0KuYCipxy0LnhkttZw.flac\",\"original_name\":\"Danheim - Mannavegr - 04 Folkvangr.flac\"}]',0,'2019-02-14 02:18:14','2020-12-19 07:36:45','2020-12-19 07:32:50','2020-12-19 07:36:45',641,1,100,''),(125,'Fensalir',25,42,NULL,2017,'[{\"download_link\":\"songs\\/February2019\\/cmqj7IdDmSiRKY9oUqOU.flac\",\"original_name\":\"Danheim - Mannavegr - 05 Fensalir.flac\"}]',0,'2019-02-14 02:19:07','2020-12-18 23:56:43','2020-12-18 23:52:18','2020-12-18 23:56:43',642,1,100,''),(126,'Vali',25,42,NULL,2017,'[{\"download_link\":\"songs\\/February2019\\/cB7HpxZMOZgFPYiBMlJJ.flac\",\"original_name\":\"Danheim - Mannavegr - 07 Vali.flac\"}]',0,'2019-02-14 02:19:39','2020-12-19 05:10:32','2020-12-19 05:06:56','2020-12-19 05:10:32',643,1,100,''),(127,'Glundroði (with Sigurbodi)',25,42,NULL,2017,'[{\"download_link\":\"songs\\/February2019\\/ZzpP5NlSHj4iGu9FSVEC.flac\",\"original_name\":\"Danheim & Sigurbodi - Mannavegr - 06 Glundro\\u00f0i.flac\"}]',0,'2019-02-14 02:21:17','2020-12-18 08:57:33','2020-12-18 08:52:39','2020-12-18 08:57:33',637,1,100,''),(128,'Nóatún',25,42,NULL,2017,'[{\"download_link\":\"songs\\/February2019\\/JYHlVj3TeLfw228xYga6.flac\",\"original_name\":\"Danheim - Mannavegr - 08 N\\u00f3at\\u00fan.flac\"}]',0,'2019-02-14 02:22:32','2020-12-18 20:42:00','2020-12-18 20:38:21','2020-12-18 20:42:00',648,1,100,''),(129,'Ivar\'s Wrath',25,42,NULL,2017,'[{\"download_link\":\"songs\\/February2019\\/1t0dYBKEKIQMyfgpKmZo.flac\",\"original_name\":\"Danheim - Mannavegr - 09 Ivar\'s Wrath.flac\"}]',0,'2019-02-14 02:23:13','2020-12-19 00:48:16','2020-12-19 00:44:32','2020-12-19 00:48:16',647,1,100,''),(130,'Mannavegr',25,42,NULL,2017,'[{\"download_link\":\"songs\\/February2019\\/1t4AIvMOPHGaJ7vRWsJA.flac\",\"original_name\":\"Danheim - Mannavegr - 10 Mannavegr.flac\"}]',0,'2019-02-14 02:23:53','2020-12-19 10:02:52','2020-12-19 09:59:43','2020-12-19 10:02:52',644,1,100,''),(131,'War of the North',25,42,NULL,2017,'[{\"download_link\":\"songs\\/February2019\\/MnR7i3WPKrG8HsMY7xeq.flac\",\"original_name\":\"Danheim - Mannavegr - 11 War of the North.flac\"}]',0,'2019-02-14 02:24:20','2020-12-18 18:42:33','2020-12-18 18:38:03','2020-12-18 18:42:33',643,1,100,''),(132,'Vanheimr',25,42,NULL,2017,'[{\"download_link\":\"songs\\/February2019\\/vxWsUdccLGIpBOMzBTAj.flac\",\"original_name\":\"Danheim - Mannavegr - 12 Vanheimr.flac\"}]',0,'2019-02-14 02:25:45','2020-12-19 15:27:54','2020-12-19 15:23:59','2020-12-19 15:27:54',644,1,100,''),(133,'Gripir',25,42,NULL,2017,'[{\"download_link\":\"songs\\/February2019\\/SksBldvMCpiQPV4KIbaQ.flac\",\"original_name\":\"Danheim - Mannavegr - 13 Gripir.flac\"}]',0,'2019-02-14 02:26:14','2020-12-18 19:18:18','2020-12-18 19:14:38','2020-12-18 19:18:18',637,1,100,''),(134,'Heljarför',25,42,NULL,2017,'[{\"download_link\":\"songs\\/February2019\\/yMjMYvTVoyEZrfrS8Zsp.flac\",\"original_name\":\"Danheim - Mannavegr - 14 Heljarf\\u00f6r.flac\"}]',0,'2019-02-14 02:26:46','2020-12-19 01:32:54','2020-12-19 01:28:48','2020-12-19 01:32:54',660,1,100,''),(135,'Ímar',25,42,NULL,2017,'[{\"download_link\":\"songs\\/February2019\\/Es9cKWIf2cQElTCKVWE3.flac\",\"original_name\":\"Danheim - Mannavegr - 15 \\u00cdmar.flac\"}]',0,'2019-02-14 02:27:13','2020-12-19 10:54:34','2020-12-19 10:51:35','2020-12-19 10:54:34',647,1,100,''),(136,'Youth & Death (feat. satanwave)',26,NULL,NULL,2016,'[{\"download_link\":\"songs\\/February2019\\/hxyoTB9paqmxfr0vr83g.flac\",\"original_name\":\"I\\u0438fected U\\u0438icorn - Youth & Death (feat. satanwave).flac\"}]',0,'2019-02-14 02:29:52','2020-12-18 19:31:29','2020-12-18 19:27:05','2020-12-18 19:31:29',795,1,100,''),(137,'A Narrow Escape',27,43,NULL,2007,'[{\"download_link\":\"songs\\/February2019\\/gPOSzpWXNFntX8fj8cTU.flac\",\"original_name\":\"Beast, Please Be Still - A Narrow Escape.flac\"}]',0,'2019-02-16 13:09:39','2020-12-19 06:50:58','2020-12-19 06:47:55','2020-12-19 06:50:58',415,1,100,''),(138,'Annihilate everything that exists!-',27,43,NULL,2007,'[{\"download_link\":\"songs\\/February2019\\/flM9wlHidk6nGxki6DrG.flac\",\"original_name\":\"Beast, Please Be Still - Annihilate everything that exists!-.flac\"}]',0,'2019-02-16 13:11:42','2020-05-01 22:39:04','2020-05-01 22:31:06','2020-05-01 22:39:04',268,0,100,NULL),(139,'Tyrfing',25,44,NULL,2017,'[{\"download_link\":\"songs\\/February2019\\/CRS6GRXavtbVWG3O6cn1.flac\",\"original_name\":\"Danheim - Tyrfing.flac\"}]',0,'2019-02-16 13:14:18','2020-12-19 04:14:56','2020-12-19 04:11:34','2020-12-19 04:14:56',641,1,100,''),(140,'Floki\'s Last Journey',25,NULL,NULL,2017,'[{\"download_link\":\"songs\\/February2019\\/qtQHDrbnhFHMXBLrH3a6.flac\",\"original_name\":\"Danheim - Floki\'s Last Journey.flac\"}]',0,'2019-02-16 13:15:31','2020-12-19 16:07:07','2020-12-19 16:02:57','2020-12-19 16:07:07',645,1,100,''),(141,'River of Fog',28,45,NULL,2018,'[{\"download_link\":\"songs\\/February2019\\/rm64moccEXN7QrrmAJOh.flac\",\"original_name\":\"Fraunhofer Diffraction - Exaltation - 01 River of Fog.flac\"}]',0,'2019-02-16 14:00:38','2020-12-19 01:21:49','2020-12-19 01:17:24','2020-12-19 01:21:49',774,1,100,''),(142,'Broken Shards',28,45,NULL,2018,'[{\"download_link\":\"songs\\/February2019\\/Z0N4vQxS7gAxZ8X34PqS.flac\",\"original_name\":\"Fraunhofer Diffraction - Exaltation - 03 Broken Shards.flac\"}]',0,'2019-02-16 14:01:56','2020-12-19 02:13:32','2020-12-19 02:09:54','2020-12-19 02:13:32',768,1,100,''),(143,'Gathering',28,45,NULL,2018,'[{\"download_link\":\"songs\\/February2019\\/ht8oUICrV2SmrXWDn571.flac\",\"original_name\":\"Fraunhofer Diffraction - Exaltation - 04 Gathering.flac\"}]',0,'2019-02-16 14:03:25','2020-12-18 23:33:54','2020-12-18 23:30:35','2020-12-18 23:33:54',397,1,100,''),(144,'Skeleton Key',28,45,NULL,2018,'[{\"download_link\":\"songs\\/February2019\\/UBMLblXo27MkM4lVXJ23.flac\",\"original_name\":\"Fraunhofer Diffraction - Exaltation - 06 Skeleton Key.flac\"}]',0,'2019-02-16 14:05:17','2020-12-19 00:44:32','2020-12-19 00:41:05','2020-12-19 00:44:32',779,1,100,''),(145,'Exaltation',28,45,NULL,2018,'[{\"download_link\":\"songs\\/February2019\\/KMDxwau2qBlWMxVZTVUg.flac\",\"original_name\":\"Fraunhofer Diffraction - Exaltation - 08 Exaltation.flac\"}]',0,'2019-02-16 14:06:33','2020-12-18 21:43:46','2020-12-18 21:39:40','2020-12-18 21:43:46',403,1,100,''),(146,'Intoxication & Recklessness',28,45,NULL,2018,'[{\"download_link\":\"songs\\/February2019\\/vhR5hEYCIVAlboxJlh8v.flac\",\"original_name\":\"Fraunhofer Diffraction - Exaltation - 12 Intoxication & Recklessness.flac\"}]',0,'2019-02-16 14:11:36','2020-12-19 04:41:06','2020-12-19 04:33:21','2020-12-19 04:41:06',773,1,100,''),(147,'Rewind',1,NULL,1,2019,'[{\"download_link\":\"songs\\/February2019\\/yGVzMKMsX5AGj0s1bCJU.flac\",\"original_name\":\"Daniel Lehmann - Rewind.flac\"}]',0,'2019-02-16 20:47:51','2020-04-04 17:21:19','2020-04-04 16:26:17','2020-04-04 16:31:28',512,0,100,''),(148,'Hrafnagaldr Óðins',29,NULL,NULL,2018,'[{\"download_link\":\"songs\\/February2019\\/iCbrj8SVHesoSv2ITpDq.mp3\",\"original_name\":\"Verat\\u00fds Burr - Hrafnagaldr \\u00d3\\u00f0ins.mp3\"}]',0,'2019-02-17 17:46:56','2020-12-19 06:22:25','2020-12-19 06:18:20','2020-12-19 06:22:25',783,1,100,''),(149,'Norskt Runaljóð (Full Version)',29,NULL,NULL,2018,'[{\"download_link\":\"songs\\/February2019\\/TXGkHVkueVBoeukSgCd3.mp3\",\"original_name\":\"Verat\\u00fds Burr - Norskt Runalj\\u00f3\\u00f0 (Full Version).mp3\"}]',0,'2019-02-17 17:49:02','2020-05-01 07:04:18','2020-04-30 11:00:14','2020-04-30 11:07:09',35,0,100,NULL),(152,'Vidar',3,NULL,NULL,2018,'[{\"download_link\":\"songs\\/February2019\\/EGsImK4f8G4Gy3ZUBSb1.flac\",\"original_name\":\"Fuimadane - Vidar.flac\"}]',0,'2019-02-17 18:42:32','2020-12-19 00:06:04','2020-12-19 00:01:50','2020-12-19 00:06:04',768,1,100,''),(153,'Hausrúnir (with Sigurbodi)',25,NULL,NULL,2018,'[{\"download_link\":\"songs\\/February2019\\/vmJgpNDIqXTDpXszS6iq.flac\",\"original_name\":\"Danheim - Danheim & Sigurbodi - Hausr\\u00fanir.flac\"}]',0,'2019-02-17 18:47:10','2020-12-19 13:55:34','2020-12-19 13:50:16','2020-12-19 13:55:34',648,1,100,NULL),(154,'Fornheim',25,NULL,NULL,2018,'[{\"download_link\":\"songs\\/February2019\\/ZfSmGRvocPnuZfRM4A7N.flac\",\"original_name\":\"Danheim - Fornheim.flac\"}]',0,'2019-02-17 18:49:22','2020-12-19 02:09:54','2020-12-19 02:05:23','2020-12-19 02:09:54',638,1,100,''),(155,'Berserkir',25,NULL,NULL,2017,'[{\"download_link\":\"songs\\/February2019\\/gD5nZlDQ1SPTDrvm2avZ.flac\",\"original_name\":\"Danheim - Berserkir.flac\"}]',0,'2019-02-17 18:50:08','2020-12-19 06:09:49','2020-12-19 06:05:58','2020-12-19 06:09:49',643,1,100,''),(156,'Valravn',25,NULL,NULL,2017,'[{\"download_link\":\"songs\\/February2019\\/wTmF2uLlWFsO1sBrFLxE.flac\",\"original_name\":\"Danheim - Valravn.flac\"}]',0,'2019-02-17 18:51:22','2020-12-19 09:23:00','2020-12-19 09:18:54','2020-12-19 09:23:00',638,1,100,''),(157,'Ocean',31,NULL,NULL,2013,'[{\"download_link\":\"songs\\/February2019\\/zK9i8G1H81azZU7TWNot.mp3\",\"original_name\":\"Int Company - Ocean.mp3\"}]',0,'2019-02-17 18:58:34','2020-12-18 22:47:33','2020-12-18 22:43:09','2020-12-18 22:47:33',407,1,100,''),(158,'Worlds Collide (Original Mix)',31,NULL,5,2011,'[{\"download_link\":\"songs\\/February2019\\/wnqxWf6ooca8Id580zgb.mp3\",\"original_name\":\"Int Company - Worlds Collide (Original Mix).mp3\"}]',0,'2019-02-17 19:06:23','2020-12-19 10:51:35','2020-12-19 10:45:15','2020-12-19 10:51:35',776,1,20,''),(159,'Tyrant',32,48,NULL,2013,'[{\"download_link\":\"songs\\/February2019\\/MS7lFue5HQD6xBlQBin3.flac\",\"original_name\":\"River Bones - Icon - 03 Tyrant.flac\"}]',0,'2019-02-17 19:09:57','2020-12-18 19:51:20','2020-12-18 19:46:38','2020-12-18 19:51:20',778,1,100,''),(160,'Apatride',32,48,NULL,2013,'[{\"download_link\":\"songs\\/February2019\\/23RdUtOMwedAfi3vtkT9.flac\",\"original_name\":\"River Bones - Icon - 02 Apatride.flac\"}]',0,'2019-02-17 19:14:34','2020-12-19 03:45:43','2020-12-19 03:41:50','2020-12-19 03:45:43',403,1,100,''),(161,'Yggdrasil',25,49,NULL,2018,'[{\"download_link\":\"songs\\/February2019\\/2ilt0eWNnO6xAbkuguOs.flac\",\"original_name\":\"Danheim - Yggdrasil.flac\"}]',0,'2019-02-17 19:34:33','2020-12-18 22:13:43','2020-12-18 22:09:15','2020-12-18 22:13:43',648,1,100,''),(162,'Echo',19,31,NULL,2016,'[{\"download_link\":\"songs\\/February2019\\/AsVgOtBns2rIUTjWITgJ.flac\",\"original_name\":\"Birds Die Alone - Echo.flac\"}]',0,'2019-02-18 21:06:48','2020-12-19 09:18:54','2020-12-19 09:16:10','2020-12-19 09:18:54',520,1,100,''),(163,'Hurt',19,31,NULL,2014,'[{\"download_link\":\"songs\\/February2019\\/DL5pZLQnXDjdPdmnyDFv.flac\",\"original_name\":\"Birds Die Alone - Hurt.flac\"}]',0,'2019-02-18 21:13:45','2020-12-18 12:22:17','2020-12-18 12:19:14','2020-12-18 12:22:17',515,1,100,''),(164,'No way',19,31,NULL,2016,'[{\"download_link\":\"songs\\/February2019\\/P46aV5mg9yD2ttUKhmTD.flac\",\"original_name\":\"Birds Die Alone - No way.flac\"}]',0,'2019-02-18 21:18:17','2020-12-19 00:41:05','2020-12-19 00:36:57','2020-12-19 00:41:05',525,1,100,''),(165,'Treelos',19,31,NULL,2016,'[{\"download_link\":\"songs\\/February2019\\/fWhejS6aHJzokd0DgJ71.flac\",\"original_name\":\"Birds Die Alone - Treelos.flac\"}]',0,'2019-02-18 21:22:06','2020-12-19 14:42:49','2020-12-19 14:39:38','2020-12-19 14:42:49',515,1,100,''),(166,'Dawn of a New Age',14,21,NULL,2015,'[{\"download_link\":\"songs\\/February2019\\/tkIEdhwEw1uMasBCNd87.mp3\",\"original_name\":\"Dreamstate Logic - Dawn of a New Age.mp3\"}]',0,'2019-02-18 21:27:10','2020-12-19 11:30:02','2020-12-19 11:20:48','2020-12-19 11:30:02',712,1,100,''),(167,'Dimension Zero',14,21,NULL,2015,'[{\"download_link\":\"songs\\/February2019\\/20bSilcUWW3NIAXeDbPp.mp3\",\"original_name\":\"Dreamstate Logic - Dimension Zero.mp3\"}]',0,'2019-02-18 21:28:53','2020-12-18 14:19:19','2020-12-18 14:09:50','2020-12-18 14:19:19',703,1,100,''),(168,'Comet Halley',13,18,NULL,2013,'[{\"download_link\":\"songs\\/February2019\\/TokO95Ix396ecmbL1oj5.flac\",\"original_name\":\"Stellardrone - Light Years - 07 Comet Halley.flac\"}]',0,'2019-02-18 21:33:41','2020-12-19 00:34:57','2020-12-19 00:31:19','2020-12-19 00:34:57',765,1,100,''),(171,'inwardly',19,35,NULL,2016,'[{\"download_link\":\"songs\\/February2019\\/QjGXvyE9vpXk1uL5f5SY.flac\",\"original_name\":\"Birds Die Alone - inwardly.flac\"}]',0,'2019-02-20 04:25:59','2020-12-19 11:02:05','2020-12-19 10:58:11','2020-12-19 11:02:05',516,1,100,''),(172,'When we leave',19,35,NULL,2016,'[{\"download_link\":\"songs\\/February2019\\/IGurobobwFQWVGPJmI4r.flac\",\"original_name\":\"Birds Die Alone - When we leave.flac\"}]',0,'2019-02-20 04:28:57','2020-12-19 10:16:43','2020-12-19 10:13:43','2020-12-19 10:16:43',522,1,100,''),(173,'With you',19,35,NULL,2015,'[{\"download_link\":\"songs\\/February2019\\/9wpCCPLkOZgIpb1DOgsu.flac\",\"original_name\":\"Birds Die Alone - With you.flac\"}]',0,'2019-02-20 04:30:03','2020-12-19 12:27:17','2020-12-19 12:23:27','2020-12-19 12:27:17',521,1,100,''),(174,'Closed',19,34,NULL,2017,'[{\"download_link\":\"songs\\/February2019\\/J2rKCnG3LTCDMESbsphV.flac\",\"original_name\":\"Birds Die Alone - Closed.flac\"}]',0,'2019-02-20 04:31:10','2020-12-18 14:07:02','2020-12-18 14:04:41','2020-12-18 14:07:02',527,1,100,''),(175,'Code Of Existence',14,22,NULL,2017,'[{\"download_link\":\"songs\\/February2019\\/vDFthGzRApp4m4jeJ2Ac.mp3\",\"original_name\":\"Dreamstate Logic - Code Of Existence.mp3\"}]',0,'2019-02-20 04:33:39','2020-12-19 02:33:03','2020-12-19 02:23:43','2020-12-19 02:33:03',700,1,100,''),(176,'Silence',33,51,NULL,2012,'[{\"download_link\":\"songs\\/February2019\\/3CR9ORt0bT94VZvLKoiE.flac\",\"original_name\":\"Sidewalks and Skeletons - Volume 2- Planes Of Existence - 07 Silence.flac\"}]',0,'2019-02-21 10:21:22','2020-12-19 06:00:44','2020-12-19 05:58:45','2020-12-19 06:00:44',394,1,100,''),(177,'Hēdhra',3,4,NULL,2018,'[{\"download_link\":\"songs\\/February2019\\/yVrDhjVrLCruGUkvQ6pP.flac\",\"original_name\":\"Fuimadane - Breg\\u00f0ask i - 13 H\\u0113dhra.flac\"}]',0,'2019-02-21 10:32:12','2020-04-20 17:02:22','2020-04-20 16:59:24','2020-04-20 17:02:22',238,0,60,''),(178,'Evolving Equations',6,26,NULL,2016,'[{\"download_link\":\"songs\\/February2019\\/nwkIqqzHgywLqtwyxdKp.flac\",\"original_name\":\"Neurotech - In Remission - 06 Evolving Equations.flac\"}]',0,'2019-02-21 11:03:15','2020-12-19 09:53:25','2020-12-19 09:48:53','2020-12-19 09:53:25',370,1,100,''),(179,'Synchronicity',14,22,NULL,2016,'[{\"download_link\":\"songs\\/February2019\\/qsYpZy9gXPTjRSop1Gb1.mp3\",\"original_name\":\"Dreamstate Logic - Synchronicity.mp3\"}]',0,'2019-02-21 11:07:03','2020-12-19 08:23:40','2020-12-19 08:13:58','2020-12-19 08:23:40',707,1,100,''),(180,'Onyx',12,17,1,2016,'[{\"download_link\":\"songs\\/February2019\\/GDlaoxd3tzmHkltJXqhU.mp3\",\"original_name\":\"(2016) RoughNX - Catharsis -FULL ALBUM- - 11 Onyx.mp3\"}]',0,'2019-02-21 11:19:55','2020-12-19 00:01:50','2020-12-18 23:56:43','2020-12-19 00:01:50',718,1,100,''),(181,'Enter the Endless',6,24,NULL,2015,'[{\"download_link\":\"songs\\/February2019\\/N1kuFLTUsr8xVvcRHwdk.flac\",\"original_name\":\"Neurotech - Evasive - 08 Enter the Endless.flac\"}]',0,'2019-02-21 11:22:45','2020-12-19 08:37:22','2020-12-19 08:31:27','2020-12-19 08:37:22',722,1,100,''),(182,'CATHEDRAL',12,NULL,1,2016,'[{\"download_link\":\"songs\\/February2019\\/YVmVuS2Y1Tert5n9YeXd.mp3\",\"original_name\":\"(2016) \\u2666 RoughNX - CATHEDRAL \\u2666 (Royalty Free - Copyright Free Music).mp3\"}]',0,'2019-02-21 12:08:22','2020-12-19 14:39:38','2020-12-19 14:36:41','2020-12-19 14:39:38',367,1,100,''),(184,'Warm me up',19,34,NULL,2017,'[{\"download_link\":\"songs\\/February2019\\/OyVom4sqTZDjDpz1TZFa.flac\",\"original_name\":\"Birds Die Alone - Warm me up.flac\"}]',0,'2019-02-21 12:16:48','2020-12-19 15:23:59','2020-12-19 15:20:55','2020-12-19 15:23:59',517,1,100,''),(185,'Rendezvous With Rama',13,14,NULL,2017,'[{\"download_link\":\"songs\\/February2019\\/QooOO9yNXG0iZVo4RAvB.flac\",\"original_name\":\"Stellardrone - Between The Rings - 03 Rendezvous With Rama.flac\"}]',0,'2019-02-21 12:24:38','2020-12-19 02:01:59','2020-12-19 01:55:50','2020-12-19 02:01:59',762,1,100,''),(186,'A New Tomorrow',6,7,NULL,2013,'[{\"download_link\":\"songs\\/February2019\\/Cxx5omF7BcDHnZAXqovF.flac\",\"original_name\":\"Neurotech - The Decipher Volumes - 19 A New Tomorrow.flac\"}]',0,'2019-02-22 11:39:30','2020-12-19 07:16:41','2020-12-19 07:12:46','2020-12-19 07:16:41',723,1,100,''),(187,'Between Wake and Sleep',6,24,NULL,2015,'[{\"download_link\":\"songs\\/February2019\\/atB3b00PYDah4LMiCzKT.flac\",\"original_name\":\"Neurotech - Evasive - 07 Between Wake and Sleep.flac\"}]',0,'2019-02-22 11:49:15','2020-12-19 13:08:51','2020-12-19 13:05:06','2020-12-19 13:08:51',362,1,100,''),(188,'Is the Sunrise Coming',6,7,NULL,2013,'[{\"download_link\":\"songs\\/February2019\\/Px2uWR2yyJGrzLbfH9xN.flac\",\"original_name\":\"Neurotech - The Decipher Volumes - 10 Is the Sunrise Coming.flac\"}]',0,'2019-02-22 14:15:20','2020-12-18 17:18:05','2020-12-18 17:14:53','2020-12-18 17:18:05',724,1,100,''),(190,'The Difference',6,7,NULL,2013,'[{\"download_link\":\"songs\\/February2019\\/e9y8VJDkWMqtxkvkBENY.flac\",\"original_name\":\"Neurotech - The Decipher Volumes - 18 The Difference.flac\"}]',0,'2019-02-22 14:26:52','2020-12-19 15:20:55','2020-12-19 15:15:08','2020-12-19 15:20:55',714,1,100,''),(191,'Neon Streets',34,NULL,NULL,2018,'[{\"download_link\":\"songs\\/February2019\\/4elFPEqbKBCiMBshCL5H.wav\",\"original_name\":\"Neon Streets.wav\"}]',0,'2019-02-24 18:43:06','2020-12-19 11:09:42','2020-12-19 11:06:13','2020-12-19 11:09:42',765,1,100,''),(192,'Traust',3,3,NULL,2018,'[{\"download_link\":\"songs\\/February2019\\/ujJGM7DFMACTTnX6qDWL.flac\",\"original_name\":\"Fuimadane - Vegleitir - 11 Traust.flac\"}]',0,'2019-02-24 20:57:03','2020-12-19 17:04:09','2020-12-19 16:59:21','2020-12-19 17:04:09',753,1,100,''),(193,'The new Vice City',35,52,NULL,2017,'[{\"download_link\":\"songs\\/February2019\\/FnaeNy6Cj4bq2Pl9WEGR.flac\",\"original_name\":\"Kotovsky86 - The new Vice City.flac\"}]',0,'2019-02-24 21:03:50','2020-12-19 13:24:47','2020-12-19 13:21:05','2020-12-19 13:24:47',767,1,100,''),(194,'Maelstrom',6,24,NULL,2015,'[{\"download_link\":\"songs\\/February2019\\/QI64ERWamqt5bnzaiHuw.flac\",\"original_name\":\"Neurotech - Evasive - 09 Maelstrom.flac\"}]',0,'2019-02-24 21:10:44','2020-12-19 01:55:50','2020-12-19 01:51:33','2020-12-19 01:55:50',357,1,100,''),(195,'TURBODASH',36,53,NULL,2017,'[{\"download_link\":\"songs\\/February2019\\/1ItXsiQDEVp45V8QiByo.flac\",\"original_name\":\"JEREMIAH KANE - TURBODASH.flac\"}]',0,'2019-02-25 15:12:55','2020-12-18 20:05:23','2020-12-18 20:00:55','2020-12-18 20:05:23',761,1,100,''),(198,'Atlas',6,55,NULL,2014,'[{\"download_link\":\"songs\\/February2019\\/ZoTzS2Yw95Ku3JQelKRm.flac\",\"original_name\":\"Neurotech - Infra Versus Ultra - 02 Atlas.flac\"}]',0,'2019-02-25 22:09:31','2020-12-18 21:12:38','2020-12-18 21:07:43','2020-12-18 21:12:38',357,1,100,''),(199,'Mangala',38,NULL,NULL,2018,'[{\"download_link\":\"songs\\/February2019\\/F0pAD68K4QfUaNN41v0W.mp3\",\"original_name\":\"Mangala.mp3\"}]',0,'2019-02-25 22:18:13','2020-12-19 11:06:13','2020-12-19 11:02:05','2020-12-19 11:06:13',385,1,100,''),(200,'Unleashing the Dead',6,55,NULL,2014,'[{\"download_link\":\"songs\\/February2019\\/TkmdxNeWcxgLCYJUKn9l.flac\",\"original_name\":\"Neurotech - Infra Versus Ultra - 04 Unleashing the Dead.flac\"}]',0,'2019-02-25 22:23:39','2020-12-19 05:03:06','2020-12-19 04:57:58','2020-12-19 05:03:06',356,1,100,''),(201,'THE KILLER GRID',36,53,NULL,2017,'[{\"download_link\":\"songs\\/February2019\\/UK8CFwtFSweSsNbnHsu6.flac\",\"original_name\":\"JEREMIAH KANE - THE KILLER GRID.flac\"}]',0,'2019-02-28 01:40:20','2020-12-19 10:06:46','2020-12-19 10:02:52','2020-12-19 10:06:46',381,1,100,''),(202,'Talisman (Single)',2,NULL,NULL,2017,'[{\"download_link\":\"songs\\/February2019\\/fL7rrz0kTBVVQupMAyAE.flac\",\"original_name\":\"Tom Day - Tom Day - Talisman (Single).flac\"}]',0,'2019-02-28 01:42:17','2020-12-18 23:23:44','2020-12-18 23:17:02','2020-12-18 23:23:44',745,1,100,''),(203,'Descending (Single)',2,NULL,NULL,2016,'[{\"download_link\":\"songs\\/February2019\\/YFSxRV9Xl6WPPQ8cThNF.flac\",\"original_name\":\"Tom Day - Tom Day - Descending (Single).flac\"}]',0,'2019-02-28 01:43:33','2020-12-19 05:51:45','2020-12-19 05:44:56','2020-12-19 05:51:45',743,1,100,''),(204,'Departures',2,2,NULL,2012,'[{\"download_link\":\"songs\\/February2019\\/L8SacXlgOHS5uEX4PYqt.flac\",\"original_name\":\"Tom Day - Tom Day - 2012 Collection - 01 Tom Day - Departures.flac\"}]',0,'2019-02-28 01:45:36','2020-12-19 12:32:04','2020-12-19 12:27:17','2020-12-19 12:32:04',750,1,100,''),(205,'Crossroads',2,2,NULL,2012,'[{\"download_link\":\"songs\\/February2019\\/iSm2CMEACfzWKzLUhOLc.flac\",\"original_name\":\"Tom Day - Tom Day - 2012 Collection - 05 Tom Day - Crossroads.flac\"}]',0,'2019-02-28 01:46:29','2020-12-19 08:13:58','2020-12-19 08:08:49','2020-12-19 08:13:58',375,1,100,''),(206,'Echoes',2,2,NULL,2012,'[{\"download_link\":\"songs\\/February2019\\/CALb5UhG9S7qNe5q0CAh.flac\",\"original_name\":\"Tom Day - Tom Day - 2012 Collection - 08 Tom Day - Echoes.flac\"}]',0,'2019-02-28 01:47:28','2020-12-19 15:04:57','2020-12-19 14:58:06','2020-12-19 15:04:57',373,1,100,''),(207,'Who We Want To Be (Soundtrack Mix)',2,2,NULL,2012,'[{\"download_link\":\"songs\\/February2019\\/OQhifzrfgftFIQjKQhXO.flac\",\"original_name\":\"Tom Day - Tom Day - 2012 Collection - 07 Tom Day - Who We Want To Be (Soundtrack Mix).flac\"}]',0,'2019-02-28 01:51:40','2020-12-18 19:39:00','2020-12-18 19:34:43','2020-12-18 19:39:00',754,1,100,''),(208,'Going Home',2,2,NULL,2012,'[{\"download_link\":\"songs\\/February2019\\/FpkTAbNcYwmTJdm2Bs2l.flac\",\"original_name\":\"Tom Day - Tom Day - 2012 Collection - 02 Tom Day - Going Home.flac\"}]',0,'2019-02-28 01:56:09','2020-12-18 22:20:33','2020-12-18 22:20:07','2020-12-18 22:20:33',377,1,100,''),(209,'Start of Something Beautiful',40,57,NULL,2014,'[{\"download_link\":\"songs\\/March2019\\/ZMAG00nJG0dQdtZKU2X9.flac\",\"original_name\":\"Evocativ - Fragmented - 01 Start of Something Beautiful.flac\"}]',0,'2019-03-06 19:49:00','2020-12-19 01:51:33','2020-12-19 01:48:38','2020-12-19 01:51:33',358,1,100,''),(210,'Castaway',40,57,NULL,2014,'[{\"download_link\":\"songs\\/March2019\\/4qMo7SEYLZ60pbYxpaYi.flac\",\"original_name\":\"Evocativ - Fragmented - 02 Castaway.flac\"}]',0,'2019-03-06 19:50:49','2020-12-19 08:08:49','2020-12-19 08:04:42','2020-12-19 08:08:49',729,1,100,''),(211,'Dulcet',40,57,NULL,2014,'[{\"download_link\":\"songs\\/March2019\\/Pb92BlGfQGrwD0fCDzIk.flac\",\"original_name\":\"Evocativ - Fragmented - 03 Dulcet.flac\"}]',0,'2019-03-06 19:52:43','2020-12-19 16:13:30','2020-12-19 16:11:07','2020-12-19 16:13:30',734,1,100,''),(212,'Grey',40,57,NULL,2014,'[{\"download_link\":\"songs\\/March2019\\/0ZOoANNxX01ODQ5q6pAk.flac\",\"original_name\":\"Evocativ - Fragmented - 04 Grey.flac\"}]',0,'2019-03-06 19:55:00','2020-12-19 13:05:06','2020-12-19 13:03:17','2020-12-19 13:05:06',364,1,100,''),(213,'Solitude',40,57,NULL,2014,'[{\"download_link\":\"songs\\/March2019\\/Os0XiyEZHShbXcAaLXLF.flac\",\"original_name\":\"Evocativ - Fragmented - 07 Solitude.flac\"}]',0,'2019-03-06 19:59:01','2020-12-19 05:30:22','2020-12-19 05:24:30','2020-12-19 05:30:22',731,1,100,''),(214,'Timeless',40,57,NULL,2014,'[{\"download_link\":\"songs\\/March2019\\/bzLTJPVIEJ9rikQKgtWL.flac\",\"original_name\":\"Evocativ - Fragmented - 08 Timeless.flac\"}]',0,'2019-03-06 20:00:04','2020-12-18 20:51:18','2020-12-18 20:49:26','2020-12-18 20:51:18',364,1,115,''),(215,'The Lovers, Pt. 2',40,NULL,NULL,2014,'[{\"download_link\":\"songs\\/March2019\\/lFxNaOq2TpM5OBVMSS7E.flac\",\"original_name\":\"Evocativ - The Lovers, Pt. 2.flac\"}]',0,'2019-03-06 20:02:36','2020-12-19 09:59:43','2020-12-19 09:53:25','2020-12-19 09:59:43',735,1,100,''),(216,'The Lovers, Pt. 3',40,NULL,NULL,2017,'[{\"download_link\":\"songs\\/March2019\\/CY2hU2lwA68OHBbeEaAt.flac\",\"original_name\":\"Evocativ - The Lovers, Pt. 3.flac\"}]',0,'2019-03-07 14:45:09','2020-12-19 14:17:21','2020-12-19 14:11:39','2020-12-19 14:17:21',359,1,100,''),(217,'comeback',41,NULL,NULL,2019,'[{\"download_link\":\"songs\\/March2019\\/J9NPEeZZF3xwSFOolxMn.flac\",\"original_name\":\"Divider - comeback.flac\"}]',0,'2019-03-07 14:50:29','2020-12-18 18:10:20','2020-12-18 18:02:28','2020-12-18 18:10:20',741,1,100,''),(219,'Renegade (feat. Tom Edwards)',42,58,NULL,2017,'[{\"download_link\":\"songs\\/March2019\\/P3x2aiaLuGn4qyqPPzmd.flac\",\"original_name\":\"Decade Defector - Renegade - 02 Renegade (feat. Tom Edwards).flac\"}]',0,'2019-03-07 14:58:34','2020-05-25 21:18:15','2020-05-25 15:37:37','2020-05-25 15:42:31',248,0,100,NULL),(220,'Dusk',43,59,NULL,2010,'[{\"download_link\":\"songs\\/March2019\\/nv7M6K6WUYTMFqKtYF3r.flac\",\"original_name\":\"Subheim - No Land Called Home - 01 Dusk.flac\"}]',0,'2019-03-07 15:02:45','2020-12-19 00:17:41','2020-12-19 00:11:14','2020-12-19 00:17:41',363,1,100,NULL),(221,'Streets',43,59,NULL,2010,'[{\"download_link\":\"songs\\/March2019\\/W9tOLDTYCFnZdUM8MMVW.flac\",\"original_name\":\"Subheim - No Land Called Home - 02 Streets.flac\"}]',0,'2019-03-07 15:08:15','2020-12-19 12:07:13','2020-12-19 12:00:56','2020-12-19 12:07:13',370,1,100,''),(223,'The Lovers',40,60,6,2013,'[{\"download_link\":\"songs\\/March2019\\/U5JeTyep0MC3OyurhTFj.wav\",\"original_name\":\"Evocativ - The Lovers.wav\"}]',0,'2019-03-07 19:25:24','2020-12-18 22:01:22','2020-12-18 21:57:19','2020-12-18 22:01:22',730,1,100,''),(224,'Between Fear & Love',43,59,NULL,2010,'[{\"download_link\":\"songs\\/March2019\\/4mkydJMNAFhwDnkd2YMf.flac\",\"original_name\":\"Subheim - No Land Called Home - 05 Between Fear & Love.flac\"}]',0,'2019-03-07 19:58:27','2020-12-19 03:36:19','2020-12-19 03:31:48','2020-12-19 03:36:19',736,1,100,''),(225,'Counterfeit of Dreams',44,61,NULL,2014,'[{\"download_link\":\"songs\\/March2019\\/Wf6PtVfynwhU4m3aD7qe.flac\",\"original_name\":\"Sleeping Bear - Sleeping Bear - 06 Counterfeit of Dreams.flac\"}]',0,'2019-03-07 21:21:19','2020-12-19 03:31:48','2020-12-19 03:25:29','2020-12-19 03:31:48',365,1,100,''),(226,'The Rise',44,61,NULL,2014,'[{\"download_link\":\"songs\\/March2019\\/Bk5rp4CLN3LySxERIazp.flac\",\"original_name\":\"Sleeping Bear - Sleeping Bear - 01 The Rise.flac\"}]',0,'2019-03-10 20:28:59','2020-12-19 08:45:10','2020-12-19 08:41:48','2020-12-19 08:45:10',353,1,100,''),(227,'Echelon',44,61,NULL,2014,'[{\"download_link\":\"songs\\/March2019\\/lvXSfSjNHP4YctVLGzz7.flac\",\"original_name\":\"Sleeping Bear - Sleeping Bear - 02 Echelon.flac\"}]',0,'2019-03-10 20:30:45','2020-12-19 13:14:35','2020-12-19 13:08:51','2020-12-19 13:14:35',725,1,60,''),(229,'Gleba',44,61,NULL,2014,'[{\"download_link\":\"songs\\/March2019\\/0mUduIXxf4WbNA6QTFrz.flac\",\"original_name\":\"Sleeping Bear - Sleeping Bear - 04 Gleba.flac\"}]',0,'2019-03-10 20:36:00','2020-12-19 05:18:31','2020-12-19 05:10:32','2020-12-19 05:18:31',729,1,100,''),(230,'Over the Starlit Horizon',44,61,NULL,2014,'[{\"download_link\":\"songs\\/March2019\\/sVoGyye9XHXqoTsc3jTV.flac\",\"original_name\":\"Sleeping Bear - Sleeping Bear - 05 Over the Starlit Horizon.flac\"}]',0,'2019-03-10 20:38:07','2020-12-19 13:50:16','2020-12-19 13:46:17','2020-12-19 13:50:16',355,1,100,''),(231,'The Age of Man',44,61,NULL,2014,'[{\"download_link\":\"songs\\/March2019\\/JEZRMPHkGxbgMDnlnXG8.flac\",\"original_name\":\"Sleeping Bear - Sleeping Bear - 07 The Age of Man.flac\"}]',0,'2019-03-10 20:44:24','2020-12-18 18:53:07','2020-12-18 18:42:33','2020-12-18 18:53:07',731,1,100,''),(232,'The Fall',44,61,NULL,2014,'[{\"download_link\":\"songs\\/March2019\\/WRR86LhHxNSA5BvwugKK.flac\",\"original_name\":\"Sleeping Bear - Sleeping Bear - 08 The Fall.flac\"}]',0,'2019-03-10 20:52:38','2020-12-18 21:27:48','2020-12-18 21:21:26','2020-12-18 21:27:48',727,1,100,''),(233,'Became my heart',19,62,NULL,2018,'[{\"download_link\":\"songs\\/March2019\\/DJ4Dtg6hRKSjZNdvHHux.flac\",\"original_name\":\"Birds Die Alone - Became my heart.flac\"}]',0,'2019-03-10 21:04:02','2020-12-19 13:21:05','2020-12-19 13:18:54','2020-12-19 13:21:05',501,1,100,''),(234,'We are still as far away',19,62,NULL,2018,'[{\"download_link\":\"songs\\/March2019\\/Md9En3WBU44Eu6OMQqp1.flac\",\"original_name\":\"Birds Die Alone - We are still as far away.flac\"}]',0,'2019-03-10 21:14:36','2020-12-19 05:06:56','2020-12-19 05:03:06','2020-12-19 05:06:56',504,1,100,''),(235,'Warrior',45,63,NULL,2016,'[{\"download_link\":\"songs\\/March2019\\/aOuIyubFHQyqd3ZieUdI.flac\",\"original_name\":\"Filip Lackovic - Warrior.flac\"}]',0,'2019-03-11 03:58:08','2020-12-19 00:53:26','2020-12-19 00:51:03','2020-12-19 00:53:26',741,1,100,''),(236,'Still at star',19,33,NULL,2017,'[{\"download_link\":\"songs\\/March2019\\/ywucsyutE0JsUbaiwcgQ.flac\",\"original_name\":\"Birds Die Alone - Still at star.flac\"}]',0,'2019-03-14 04:32:17','2020-12-18 20:14:08','2020-12-18 20:11:01','2020-12-18 20:14:08',490,1,100,''),(237,'I will definitely return',19,33,NULL,2017,'[{\"download_link\":\"songs\\/March2019\\/HJIG3iAXC1qMqgnDqxKr.flac\",\"original_name\":\"Birds Die Alone - I will definitely return.flac\"}]',0,'2019-03-14 04:36:26','2020-12-18 21:39:40','2020-12-18 21:36:02','2020-12-18 21:39:40',494,1,100,''),(238,'Step down',19,33,NULL,2017,'[{\"download_link\":\"songs\\/March2019\\/1yXDLqLxOlTetO8nMVBF.flac\",\"original_name\":\"Birds Die Alone - Step down.flac\"}]',0,'2019-03-14 04:39:57','2020-12-19 01:28:48','2020-12-19 01:26:10','2020-12-19 01:28:48',498,1,100,''),(239,'Sasha, do you remember 1985?',46,NULL,NULL,2019,'[{\"download_link\":\"songs\\/March2019\\/XFtimPNPIW21WyeOe8lh.flac\",\"original_name\":\"sasha1985.flac\"}]',0,'2019-03-26 14:57:51','2020-12-19 15:09:16','2020-12-19 15:04:57','2020-12-19 15:09:16',712,1,100,''),(240,'Aelles Fate',47,64,7,2019,'[{\"download_link\":\"songs\\/March2019\\/15psiOc9bLh6nHGdjzDM.flac\",\"original_name\":\"R\\u00fanfell - Vangheimr - 01 Aelles Fate.flac\"}]',0,'2019-03-26 15:27:19','2020-12-19 02:23:43','2020-12-19 02:20:00','2020-12-19 02:23:43',712,1,100,''),(241,'Farewell Life (feat. Nights Amore)',48,NULL,NULL,2015,'[{\"download_link\":\"songs\\/March2019\\/E1eDIbb3PWZTMlZEvhkL.flac\",\"original_name\":\"Arn Andersson - Farewell Life - Free Download.flac\"}]',0,'2019-03-27 01:27:29','2020-12-19 16:33:22','2020-12-19 16:26:50','2020-12-19 16:33:22',336,1,100,''),(242,'First Light',48,NULL,NULL,2019,'[{\"download_link\":\"songs\\/March2019\\/T00Pod1BpoyKfohgOnGL.flac\",\"original_name\":\"Arn Andersson - First Light.flac\"}]',0,'2019-03-27 01:31:36','2020-12-19 12:00:56','2020-12-19 11:57:09','2020-12-19 12:00:56',714,1,100,''),(243,'Eternal Space',49,NULL,NULL,2018,'[{\"download_link\":\"songs\\/March2019\\/Qan4FJbwbOOLLjFRrcqM.flac\",\"original_name\":\"Hazy - Eternal Space.flac\"}]',0,'2019-03-27 01:58:13','2020-12-19 04:29:54','2020-12-19 04:22:03','2020-12-19 04:29:54',336,1,100,''),(244,'Courage',49,NULL,NULL,2018,'[{\"download_link\":\"songs\\/March2019\\/VEhDMT5CPpKZvhRCl7Np.flac\",\"original_name\":\"Hazy - Courage.flac\"}]',0,'2019-03-27 01:58:54','2020-12-19 10:27:44','2020-12-19 10:22:13','2020-12-19 10:27:44',714,1,100,''),(245,'Cosmos',49,NULL,NULL,2018,'[{\"download_link\":\"songs\\/March2019\\/zoh8H36JmcG1Puq0gInD.flac\",\"original_name\":\"Hazy - Cosmos.flac\"}]',0,'2019-03-27 01:59:22','2020-12-19 03:15:42','2020-12-19 03:08:28','2020-12-19 03:15:42',336,1,100,''),(246,'A wild river to take you home',50,65,NULL,2018,'[{\"download_link\":\"songs\\/March2019\\/iJbr1qJCurcQrfSdCvkH.flac\",\"original_name\":\"Black Hill & Silent Island - Tales of the night forest - 01 A wild river to take you home.flac\"}]',0,'2019-03-27 02:10:43','2020-12-19 11:50:45','2020-12-19 11:47:01','2020-12-19 11:50:45',334,1,100,''),(247,'The gathering of deer',50,65,NULL,2018,'[{\"download_link\":\"songs\\/March2019\\/SGvnL5RrNrTdtHLvra7y.flac\",\"original_name\":\"Black Hill & Silent Island - Tales of the night forest - 02 The gathering of deer.flac\"}]',0,'2019-03-27 02:11:18','2020-12-19 00:21:09','2020-12-19 00:17:41','2020-12-19 00:21:09',330,1,100,''),(248,'Hidden Valley',50,65,NULL,2018,'[{\"download_link\":\"songs\\/March2019\\/FCMHS40iWCF7v3nxXYDz.flac\",\"original_name\":\"Black Hill & Silent Island - Tales of the night forest - 03 Hidden Valley.flac\"}]',0,'2019-03-27 02:18:06','2020-12-19 10:10:09','2020-12-19 10:06:46','2020-12-19 10:10:09',706,1,100,''),(249,'Dawn',50,65,NULL,2018,'[{\"download_link\":\"songs\\/March2019\\/l6NAT3OTJdNj9hC7XfOg.flac\",\"original_name\":\"Black Hill & Silent Island - Tales of the night forest - 04 Dawn.flac\"}]',0,'2019-03-27 02:23:39','2020-12-18 20:20:28','2020-12-18 20:17:27','2020-12-18 20:20:28',331,1,100,''),(250,'Crying wind',50,65,NULL,2018,'[{\"download_link\":\"songs\\/March2019\\/08bgLcRO4UAOsbPpZHQ2.flac\",\"original_name\":\"Black Hill & Silent Island - Tales of the night forest - 05 Crying wind.flac\"}]',0,'2019-03-27 02:26:07','2020-12-19 06:47:55','2020-12-19 06:45:28','2020-12-19 06:47:55',333,1,100,''),(251,'Night in a mossy hut',50,65,NULL,2018,'[{\"download_link\":\"songs\\/March2019\\/5TjUPr4Cg3lCgCnP9EUg.flac\",\"original_name\":\"Black Hill & Silent Island - Tales of the night forest - 06 Night in a mossy hut.flac\"}]',0,'2019-03-27 02:27:19','2020-12-19 07:23:31','2020-12-19 07:20:33','2020-12-19 07:23:31',706,1,100,''),(252,'The misty veil of May',50,65,NULL,2018,'[{\"download_link\":\"songs\\/March2019\\/i7aGUsJVZ6PFcLJ04YhX.flac\",\"original_name\":\"Black Hill & Silent Island - Tales of the night forest - 08 The misty veil of May.flac\"}]',0,'2019-03-27 02:30:15','2020-12-19 05:41:04','2020-12-19 05:37:32','2020-12-19 05:41:04',333,1,100,''),(253,'Scynheim',47,64,7,2019,'[{\"download_link\":\"songs\\/March2019\\/j3WKOVPYoPxLfLEnNXwQ.flac\",\"original_name\":\"R\\u00fanfell - Vangheimr - 02 Scynheim.flac\"}]',0,'2019-03-27 02:35:21','2020-12-18 19:43:03','2020-12-18 19:39:00','2020-12-18 19:43:03',336,1,100,''),(254,'MEMORY',33,66,NULL,2014,'[{\"download_link\":\"songs\\/March2019\\/faHROZ8zsMHsOUAc8qWj.flac\",\"original_name\":\"Sidewalks and Skeletons - MEMORY [radio edit].flac\"}]',0,'2019-03-27 02:55:48','2020-12-19 09:04:29','2020-12-19 09:01:07','2020-12-19 09:04:29',338,1,100,''),(257,'Battle Of Kings (machinimasound)',51,NULL,NULL,2012,'[{\"download_link\":\"songs\\/April2019\\/yNpiVMdt7BBgSej0YPLz.mp3\",\"original_name\":\"Machinimasound.com_-_Battle_of_Kings.mp3\"}]',0,'2019-04-01 22:26:14','2020-12-19 05:37:32','2020-12-19 05:34:09','2020-12-19 05:37:32',327,1,100,''),(258,'HE NEVER CAME BACK',52,68,NULL,2015,'[{\"download_link\":\"songs\\/May2019\\/y5vRPOoJ9V0ubr3zEa8J.flac\",\"original_name\":\"THE HUNT - HE NEVER CAME BACK.flac\"}]',0,'2019-05-25 10:15:07','2020-12-18 22:33:51','2020-12-18 22:30:24','2020-12-18 22:33:51',648,1,100,''),(259,'Mist',53,69,NULL,2019,'[{\"download_link\":\"songs\\/May2019\\/A5hnQ5EVqAiI2S3gpcc5.flac\",\"original_name\":\"Stvannyr - Valley of shadows - 01 Mist.flac\"}]',0,'2019-05-29 18:35:21','2020-12-18 17:03:11','2020-12-18 17:01:02','2020-12-18 17:03:11',637,1,100,''),(260,'Death in the ravine',53,69,NULL,2019,'[{\"download_link\":\"songs\\/May2019\\/F8F64lYnFw49FM2thPLO.flac\",\"original_name\":\"Stvannyr - Valley of shadows - 02 Death in the ravine.flac\"}]',0,'2019-05-29 18:36:06','2020-12-19 06:56:42','2020-12-19 06:50:58','2020-12-19 06:56:42',263,1,100,''),(261,'Emperor Eagle',53,69,NULL,2019,'[{\"download_link\":\"songs\\/May2019\\/meQgP9uHPcVlVsknik0v.flac\",\"original_name\":\"Stvannyr - Valley of shadows - 03 Emperor Eagle.flac\"}]',0,'2019-05-29 18:36:49','2020-12-19 07:32:50','2020-12-19 07:27:26','2020-12-19 07:32:50',264,1,100,''),(262,'Threnody of wind',53,69,NULL,2019,'[{\"download_link\":\"songs\\/May2019\\/RPHACWWJWqG5XlHUXik8.flac\",\"original_name\":\"Stvannyr - Valley of shadows - 04 Threnody of wind.flac\"}]',0,'2019-05-29 18:37:15','2020-12-19 06:14:27','2020-12-19 06:09:49','2020-12-19 06:14:27',264,1,60,NULL),(263,'Dusk',53,69,NULL,2019,'[{\"download_link\":\"songs\\/May2019\\/sqvtc2Ev0d5NmaTkBg4L.flac\",\"original_name\":\"Stvannyr - Valley of shadows - 05 Dusk.flac\"}]',0,'2019-05-29 18:37:49','2020-12-19 10:22:13','2020-12-19 10:20:43','2020-12-19 10:22:13',265,1,100,''),(264,'Wandering mountains',53,69,NULL,2019,'[{\"download_link\":\"songs\\/May2019\\/4hY3QDK1CHGfGe9taP3G.flac\",\"original_name\":\"Stvannyr - Valley of shadows - 06 Wandering mountains.flac\"}]',0,'2019-05-29 18:38:19','2020-12-19 09:01:07','2020-12-19 08:56:34','2020-12-19 09:01:07',634,1,60,NULL),(265,'Stvannyria',53,69,NULL,2019,'[{\"download_link\":\"songs\\/May2019\\/HcagqHEJ8St3g4iWiCsq.flac\",\"original_name\":\"Stvannyr - Valley of shadows - 07 Stvannyria.flac\"}]',0,'2019-05-29 18:38:56','2020-12-18 21:47:58','2020-12-18 21:43:46','2020-12-18 21:47:58',264,1,100,''),(266,'Carved upon black stone',53,69,NULL,2019,'[{\"download_link\":\"songs\\/May2019\\/6R28alfuiY0HRR8WCHV3.flac\",\"original_name\":\"Stvannyr - Valley of shadows - 08 Carved upon black stone.flac\"}]',0,'2019-05-29 18:39:24','2020-12-18 23:50:10','2020-12-18 23:44:24','2020-12-18 23:50:10',264,1,100,''),(267,'Ideals Are Peaceful',54,70,NULL,2019,'[{\"download_link\":\"songs\\/May2019\\/hzVit9iK6tyXW2XVySBs.flac\",\"original_name\":\"Darkfield - History is Violent - 01 Ideals Are Peaceful.flac\"}]',0,'2019-05-29 18:52:49','2020-12-19 10:45:15','2020-12-19 10:38:39','2020-12-19 10:45:15',624,1,100,''),(268,'Fade',54,70,NULL,2019,'[{\"download_link\":\"songs\\/May2019\\/cntJiZ8UF1cvWQnl6NN6.flac\",\"original_name\":\"Darkfield - History is Violent - 02 Fade.flac\"}]',0,'2019-05-29 18:54:01','2020-12-19 07:48:51','2020-12-19 07:44:32','2020-12-19 07:48:51',630,1,100,''),(269,'XXXVIII',54,70,NULL,2019,'[{\"download_link\":\"songs\\/May2019\\/puUEGzQd6cqW07onXnWl.flac\",\"original_name\":\"Darkfield - History is Violent - 03 XXXVIII.flac\"}]',0,'2019-05-29 18:54:33','2020-12-19 14:05:12','2020-12-19 13:59:38','2020-12-19 14:05:12',631,1,100,''),(270,'The Shimmer',54,70,NULL,2019,'[{\"download_link\":\"songs\\/May2019\\/EU1exENC8O5fMDjWGisk.flac\",\"original_name\":\"Darkfield - History is Violent - 04 The Shimmer.flac\"}]',0,'2019-05-29 18:54:59','2020-12-18 20:08:01','2020-12-18 20:05:23','2020-12-18 20:08:01',621,1,100,''),(271,'Out of Time',54,70,NULL,2019,'[{\"download_link\":\"songs\\/May2019\\/BsZ84BiiPhfOjojCgIvd.flac\",\"original_name\":\"Darkfield - History is Violent - 05 Out of Time.flac\"}]',0,'2019-05-29 18:55:29','2020-12-19 00:11:14','2020-12-19 00:06:04','2020-12-19 00:11:14',623,1,100,''),(272,'Blind Eyes',54,70,NULL,2019,'[{\"download_link\":\"songs\\/May2019\\/Ybr6gy8Pbh688Q0wiMBX.flac\",\"original_name\":\"Darkfield - History is Violent - 06 Blind Eyes.flac\"}]',0,'2019-05-29 18:57:04','2020-12-19 13:29:14','2020-12-19 13:24:47','2020-12-19 13:29:14',625,1,100,''),(273,'Like Meteors',54,70,NULL,2019,'[{\"download_link\":\"songs\\/May2019\\/QMMMrQrM3s8J9y9MeypR.flac\",\"original_name\":\"Darkfield - History is Violent - 07 Like Meteors.flac\"}]',0,'2019-05-29 18:57:34','2020-12-19 08:50:08','2020-12-19 08:45:10','2020-12-19 08:50:08',629,1,100,''),(274,'Exhale',55,71,NULL,2017,'[{\"download_link\":\"songs\\/June2019\\/Ga4V3JlHBCqh2UHvapke.flac\",\"original_name\":\"Astralia - Solstice - 01 Exhale.flac\"}]',0,'2019-06-26 16:35:14','2020-12-18 19:27:05','2020-12-18 19:18:18','2020-12-18 19:27:05',230,1,100,''),(275,'Out of Nothing',55,71,NULL,2017,'[{\"download_link\":\"songs\\/June2019\\/enTbeM0XgAgdtEZdRIGl.flac\",\"original_name\":\"Astralia - Solstice - 02 Out of Nothing.flac\"}]',0,'2019-06-26 16:36:26','2020-12-18 23:17:02','2020-12-18 23:08:30','2020-12-18 23:17:02',233,1,100,''),(276,'The Örnen',55,71,NULL,2017,'[{\"download_link\":\"songs\\/June2019\\/MeqxiQiZa6BsgnGjoXTT.flac\",\"original_name\":\"Astralia - Solstice - 03 The \\u00d6rnen.flac\"}]',0,'2019-06-26 16:37:03','2020-12-19 16:55:10','2020-12-19 16:49:23','2020-12-19 16:55:10',232,1,100,''),(277,'Abyss of Light',55,71,NULL,2017,'[{\"download_link\":\"songs\\/June2019\\/zIebP76q2osKaj8yeNvV.flac\",\"original_name\":\"Astralia - Solstice - 04 Abyss of Light.flac\"}]',0,'2019-06-26 16:37:34','2020-12-19 02:20:00','2020-12-19 02:13:32','2020-12-19 02:20:00',235,1,100,''),(278,'Detachment',55,71,NULL,2017,'[{\"download_link\":\"songs\\/June2019\\/jXTKmx3Um4xtAOsCPs9r.flac\",\"original_name\":\"Astralia - Solstice - 05 Detachment.flac\"}]',0,'2019-06-26 16:38:13','2020-12-18 20:38:21','2020-12-18 20:29:43','2020-12-18 20:38:21',613,1,100,''),(280,'Solstice',55,71,NULL,2017,'[{\"download_link\":\"songs\\/June2019\\/935o4EmgFZDwvNXCHUco.flac\",\"original_name\":\"Astralia - Solstice - 07 Solstice.flac\"}]',0,'2019-06-26 16:39:46','2020-12-19 14:52:30','2020-12-19 14:42:49','2020-12-19 14:52:30',550,1,100,''),(281,'Into the Abyss',56,72,NULL,2019,'[{\"download_link\":\"songs\\/June2019\\/0A2D9PLataIydH8sMqEn.flac\",\"original_name\":\"tisamoo - Into the Abyss.flac\"}]',0,'2019-06-26 16:56:32','2020-12-19 11:47:01','2020-12-19 11:38:40','2020-12-19 11:47:01',234,1,100,'galaxy universe'),(282,'Farewell',57,73,NULL,2019,'[{\"download_link\":\"songs\\/August2019\\/otrtPHGkxiF63sPh3NbQ.flac\",\"original_name\":\"Alnea - The Last - 02 Farewell.flac\"}]',0,'2019-07-13 16:11:08','2020-12-19 07:58:52','2020-12-19 07:52:16','2020-12-19 07:58:52',213,1,100,''),(283,'Sophia (1453)',57,73,NULL,2019,'[{\"download_link\":\"songs\\/July2019\\/gWDAAMargAvn3ogLLP0L.flac\",\"original_name\":\"Alnea - The Last - 01 Sophia (1453).flac\"}]',0,'2019-07-16 03:16:13','2020-12-19 02:39:02','2020-12-19 02:33:03','2020-12-19 02:39:02',581,1,100,''),(284,'XXII',57,73,NULL,2019,'[{\"download_link\":\"songs\\/July2019\\/yYI3oSv5IOG3IzAzHsEf.flac\",\"original_name\":\"Alnea - The Last - 03 XXII.flac\"}]',0,'2019-07-16 03:16:53','2020-12-18 23:52:18','2020-12-18 23:50:10','2020-12-18 23:52:18',582,1,100,''),(285,'The Last',57,73,NULL,2019,'[{\"download_link\":\"songs\\/July2019\\/2l5pY0lRV2ZHNkD0W7Jd.flac\",\"original_name\":\"Alnea - The Last - 04 The Last.flac\"}]',0,'2019-07-16 03:17:48','2020-12-19 17:14:40','2020-12-19 17:08:21','2020-12-19 17:14:40',577,1,100,''),(286,'Ljos',57,73,NULL,2019,'[{\"download_link\":\"songs\\/July2019\\/Oxex6SYEj9x7fTp21aQ6.flac\",\"original_name\":\"Alnea - The Last - 06 Ljos.flac\"}]',0,'2019-07-16 03:19:26','2020-12-19 11:57:09','2020-12-19 11:50:45','2020-12-19 11:57:09',210,1,100,''),(287,'The Arrival (Instrumental)',58,74,NULL,2010,'[{\"download_link\":\"songs\\/August2019\\/7VqZ1MbYnv3R4hMTmytQ.flac\",\"original_name\":\"Zack Hemsey - Empty Room (The Instrumentals) - 01 The Arrival (Instrumental).flac\"}]',0,'2019-08-18 22:13:51','2020-12-18 16:17:01','2020-12-18 16:12:12','2020-12-18 16:17:01',517,1,100,''),(288,'Remember Me (Instrumental)',58,74,NULL,2010,'[{\"download_link\":\"songs\\/August2019\\/mxmuFPip9r5gruh8QaWp.flac\",\"original_name\":\"Zack Hemsey - Empty Room (The Instrumentals) - 02 Remember Me (Instrumental).flac\"}]',0,'2019-08-18 22:14:26','2020-12-19 10:38:39','2020-12-19 10:33:32','2020-12-19 10:38:39',519,1,100,''),(289,'Changeling (Instrumental)',58,74,NULL,2010,'[{\"download_link\":\"songs\\/August2019\\/LzcqbIadKN8g6nHyojJb.flac\",\"original_name\":\"Zack Hemsey - Empty Room (The Instrumentals) - 03 Changeling (Instrumental).flac\"}]',0,'2019-08-18 22:14:57','2020-12-19 13:36:46','2020-12-19 13:32:01','2020-12-19 13:36:45',523,1,100,''),(290,'At War With Me (Instrumental)',58,74,NULL,2010,'[{\"download_link\":\"songs\\/August2019\\/zS0T5lIQgCR979awK8Be.flac\",\"original_name\":\"Zack Hemsey - Empty Room (The Instrumentals) - 04 At War With Me (Instrumental).flac\"}]',0,'2019-08-18 22:15:25','2020-12-19 01:08:39','2020-12-19 01:03:35','2020-12-19 01:08:39',521,1,100,''),(291,'Empty Room (Instrumental)',58,74,NULL,2010,'[{\"download_link\":\"songs\\/August2019\\/impcehYW5IeA47PHx5zu.flac\",\"original_name\":\"Zack Hemsey - Empty Room (The Instrumentals) - 05 Empty Room (Instrumental).flac\"}]',0,'2019-08-18 22:15:58','2020-12-18 19:46:38','2020-12-18 19:43:03','2020-12-18 19:46:38',520,1,100,''),(292,'Why (Instrumental)',58,74,NULL,2010,'[{\"download_link\":\"songs\\/August2019\\/QR3rAvX4IkT7yYZoNYeN.flac\",\"original_name\":\"Zack Hemsey - Empty Room (The Instrumentals) - 06 Why (Instrumental).flac\"}]',0,'2019-08-18 22:16:30','2020-12-19 06:27:03','2020-12-19 06:22:25','2020-12-19 06:27:03',522,1,100,''),(293,'Revelations (Instrumental)',58,74,NULL,2010,'[{\"download_link\":\"songs\\/August2019\\/ZKOiWsCbR7PKQBrn9uSd.flac\",\"original_name\":\"Zack Hemsey - Empty Room (The Instrumentals) - 07 Revelations (Instrumental).flac\"}]',0,'2019-08-18 22:17:23','2020-12-18 20:25:47','2020-12-18 20:20:28','2020-12-18 20:25:47',518,1,100,''),(294,'The Forgotten (Instrumental)',58,74,NULL,2010,'[{\"download_link\":\"songs\\/August2019\\/rcxIRXg8t2YoHWHL1I0g.flac\",\"original_name\":\"Zack Hemsey - Empty Room (The Instrumentals) - 08 The Forgotten (Instrumental).flac\"}]',0,'2019-08-18 22:17:58','2020-12-18 22:39:09','2020-12-18 22:33:51','2020-12-18 22:39:09',520,1,100,''),(296,'Guitar Sound',59,75,NULL,2009,'[{\"download_link\":\"songs\\/September2019\\/zYSWZfXUj1p5x8cyNoNB.flac\",\"original_name\":\"[radio edit] Ronald Jenkees - Guitar Sound.flac\"}]',0,'2019-09-16 18:18:42','2020-12-18 23:05:11','2020-12-18 23:00:49','2020-12-18 23:05:11',491,1,100,''),(297,'Throwing Fire',59,75,NULL,2009,'[{\"download_link\":\"songs\\/September2019\\/ZiKxARSeF8zWDlZetSDA.flac\",\"original_name\":\"[radio edit] Ronald Jenkees - Throwing Fire.flac\"}]',0,'2019-09-16 18:19:06','2020-12-18 21:07:43','2020-12-18 21:03:03','2020-12-18 21:07:43',493,1,100,''),(298,'I\'ll Keep Coming',60,77,NULL,2014,'[{\"download_link\":\"songs\\/September2019\\/4vqre6maX4LeAsIkBRqR.mp3\",\"original_name\":\"ill-keep-coming.mp3\"}]',0,'2019-09-16 19:04:40','2020-12-19 10:33:32','2020-12-19 10:27:44','2020-12-19 10:33:32',495,1,100,''),(299,'The Preface',61,78,NULL,2016,'[{\"download_link\":\"songs\\/November2019\\/gixC2auE5h8e5dQVhd8A.flac\",\"original_name\":\"Those Who Ride With Giants - Numinous - 01 The Preface.flac\"}]',0,'2019-11-18 04:09:02','2020-12-18 17:59:12','2020-12-18 17:57:46','2020-12-18 17:59:12',368,1,100,''),(300,'The Scent of the Old Ocean',61,78,NULL,2016,'[{\"download_link\":\"songs\\/November2019\\/npJWckZwok0yxpUYuCFl.flac\",\"original_name\":\"Those Who Ride With Giants - Numinous - 02 The Scent of the Old Ocean.flac\"}]',0,'2019-11-18 04:09:39','2020-12-19 09:13:08','2020-12-19 09:08:48','2020-12-19 09:13:08',372,1,100,''),(301,'The Promise of the Setting Sun',61,78,NULL,2016,'[{\"download_link\":\"songs\\/November2019\\/NmaLMT46FloEbekcWLQ2.flac\",\"original_name\":\"Those Who Ride With Giants - Numinous - 03 The Promise of the Setting Sun.flac\"}]',0,'2019-11-18 04:11:54','2020-12-19 07:12:46','2020-12-19 07:08:45','2020-12-19 07:12:46',369,1,100,''),(302,'The Deepness',61,78,NULL,2016,'[{\"download_link\":\"songs\\/November2019\\/xRBmKVFMJ9t7KN0coEXJ.flac\",\"original_name\":\"Those Who Ride With Giants - Numinous - 04 The Deepness.flac\"}]',0,'2019-11-18 04:14:18','2020-12-19 03:57:06','2020-12-19 03:54:23','2020-12-19 03:57:06',369,1,100,''),(303,'The Guardians of the Deepness',61,78,NULL,2016,'[{\"download_link\":\"songs\\/November2019\\/8G1WRcHMb8k5jg7jNebq.flac\",\"original_name\":\"Those Who Ride With Giants - Numinous - 05 The Guardians of the Deepness.flac\"}]',0,'2019-11-18 04:15:19','2020-12-18 23:30:35','2020-12-18 23:23:44','2020-12-18 23:30:35',370,1,100,''),(304,'The Second Sighting',61,78,NULL,2016,'[{\"download_link\":\"songs\\/November2019\\/Wobf2ZyfqChQ74vspcIa.flac\",\"original_name\":\"Those Who Ride With Giants - Numinous - 06 The Second Sighting.flac\"}]',0,'2019-11-18 04:17:28','2020-12-19 14:55:20','2020-12-19 14:52:30','2020-12-19 14:55:20',369,1,100,''),(305,'The Protection of Night',61,78,NULL,2016,'[{\"download_link\":\"songs\\/November2019\\/NxxOwZMKiHA2hm0k8ywm.flac\",\"original_name\":\"Those Who Ride With Giants - Numinous - 07 The Protection of Night.flac\"}]',0,'2019-11-18 04:18:29','2020-12-19 04:46:18','2020-12-19 04:41:06','2020-12-19 04:46:18',369,1,100,''),(306,'The Encounter against the Moonlight',61,78,NULL,2016,'[{\"download_link\":\"songs\\/November2019\\/NUuBBDdhsjTlr5UQJQc5.flac\",\"original_name\":\"Those Who Ride With Giants - Numinous - 08 The Encounter against the Moonlight.flac\"}]',0,'2019-11-18 04:19:00','2020-12-18 21:03:03','2020-12-18 20:55:32','2020-12-18 21:03:03',374,1,100,''),(307,'The Respect for the Old Beast',61,78,NULL,2016,'[{\"download_link\":\"songs\\/November2019\\/tNdQZoJ0WauxdLi560xS.flac\",\"original_name\":\"Those Who Ride With Giants - Numinous - 09 The Respect for the Old Beast.flac\"}]',0,'2019-11-18 04:19:36','2020-12-19 14:21:57','2020-12-19 14:17:21','2020-12-19 14:21:57',371,1,100,''),(308,'The Final Murmur',61,78,NULL,2016,'[{\"download_link\":\"songs\\/November2019\\/nPZKoruJhG5VIRoJxLgW.flac\",\"original_name\":\"Those Who Ride With Giants - Numinous - 10 The Final Murmur.flac\"}]',0,'2019-11-18 04:19:58','2020-12-19 15:50:11','2020-12-19 15:47:00','2020-12-19 15:50:11',371,1,100,''),(309,'Final Breath',62,79,NULL,2013,'[{\"download_link\":\"songs\\/January2020\\/XXuru4H2fPQKCPsCLbQe.flac\",\"original_name\":\"Break My Fucking Sky - Final Breath (2013) - 01 Final Breath.flac\"}]',0,'2020-01-26 19:01:50','2020-12-19 09:48:53','2020-12-19 09:43:21','2020-12-19 09:48:53',261,1,100,''),(310,'Aquarius',62,79,NULL,2013,'[{\"download_link\":\"songs\\/January2020\\/8l2jPmvT4JabgfDpsgU3.flac\",\"original_name\":\"Break My Fucking Sky - Final Breath (2013) - 02 Aquarius.flac\"}]',0,'2020-01-26 19:02:22','2020-12-19 12:47:19','2020-12-19 12:43:24','2020-12-19 12:47:19',257,1,100,''),(311,'Moon',62,79,NULL,2013,'[{\"download_link\":\"songs\\/January2020\\/2w6RB1TTM9AGY0cuQv4w.flac\",\"original_name\":\"Break My Fucking Sky - Final Breath (2013) - 03 Moon.flac\"}]',0,'2020-01-26 19:02:42','2020-12-18 22:04:08','2020-12-18 22:01:22','2020-12-18 22:04:08',253,1,100,''),(312,'So Silently Has Become In My World Without You',62,79,NULL,2013,'[{\"download_link\":\"songs\\/January2020\\/TsJJm30BpLo4kfRhDixG.flac\",\"original_name\":\"Break My Fucking Sky - Final Breath (2013) - 04 So Silently Has Become In My World Without You.flac\"}]',0,'2020-01-26 19:03:11','2020-12-19 07:08:45','2020-12-19 07:01:20','2020-12-19 07:08:45',257,1,100,''),(313,'Stop the Time',62,79,NULL,2013,'[{\"download_link\":\"songs\\/January2020\\/53wbHillNOfUQmc5ukaV.flac\",\"original_name\":\"Break My Fucking Sky - Final Breath (2013) - 05 Stop the Time.flac\"}]',0,'2020-01-26 19:03:42','2020-12-18 19:57:26','2020-12-18 19:54:35','2020-12-18 19:57:26',257,1,100,''),(314,'Your Personal God',62,79,NULL,2013,'[{\"download_link\":\"songs\\/January2020\\/6mOB6xcLQ5IsciLhhrI6.flac\",\"original_name\":\"Break My Fucking Sky - Final Breath (2013) - 06 Your Personal God.flac\"}]',0,'2020-01-26 19:04:08','2020-12-18 20:45:43','2020-12-18 20:42:00','2020-12-18 20:45:43',257,1,100,''),(315,'Destruam Et Aedificabo',62,79,NULL,2013,'[{\"download_link\":\"songs\\/January2020\\/BeSqrq7NOVabgpod8ZVD.flac\",\"original_name\":\"Break My Fucking Sky - Final Breath (2013) - 07 Destruam Et Aedificabo.flac\"}]',0,'2020-01-26 19:04:29','2020-12-19 03:18:57','2020-12-19 03:15:42','2020-12-19 03:18:57',254,1,100,''),(316,'Do Not Forget Me',62,79,NULL,2013,'[{\"download_link\":\"songs\\/January2020\\/pwO30c9oN7ZuNFbJJL6m.flac\",\"original_name\":\"Break My Fucking Sky - Final Breath (2013) - 08 Do Not Forget Me.flac\"}]',0,'2020-01-26 19:04:53','2020-12-19 08:52:30','2020-12-19 08:50:08','2020-12-19 08:52:30',254,1,100,''),(317,'Embrace My Night',62,79,NULL,2013,'[{\"download_link\":\"songs\\/January2020\\/s0wQGJvwGzZpFVTufQ5C.flac\",\"original_name\":\"Break My Fucking Sky - Final Breath (2013) - 09 Embrace My Night.flac\"}]',0,'2020-01-26 19:05:22','2020-12-19 11:12:22','2020-12-19 11:09:42','2020-12-19 11:12:22',258,1,100,''),(318,'Fire All Over',62,79,NULL,2013,'[{\"download_link\":\"songs\\/January2020\\/HVtCMrToIsrCrEJZQtix.flac\",\"original_name\":\"Break My Fucking Sky - Final Breath (2013) - 10 Fire All Over.flac\"}]',0,'2020-01-26 19:05:45','2020-12-19 16:45:54','2020-12-19 16:42:35','2020-12-19 16:45:54',258,1,100,''),(319,'You\'re Living This Moment With Me',62,79,NULL,2013,'[{\"download_link\":\"songs\\/January2020\\/0Hnanxqkg6hDaaAZalI1.flac\",\"original_name\":\"Break My Fucking Sky - Final Breath (2013) - 11 You\'re Living This Moment With Me.flac\"}]',0,'2020-01-26 19:06:08','2020-12-18 18:38:03','2020-12-18 18:33:58','2020-12-18 18:38:03',255,1,100,''),(320,'Second Chance',62,79,NULL,2013,'[{\"download_link\":\"songs\\/January2020\\/Ztprn39ZdgyBwj1DGywL.flac\",\"original_name\":\"Break My Fucking Sky - Final Breath (2013) - 12 Second Chance.flac\"}]',0,'2020-01-26 19:06:25','2020-12-19 05:55:14','2020-12-19 05:51:45','2020-12-19 05:55:14',256,1,100,''),(321,'Sense of Touch',62,79,NULL,2013,'[{\"download_link\":\"songs\\/January2020\\/LXi45kjm7dT8g7Ka7Yl0.flac\",\"original_name\":\"Break My Fucking Sky - Final Breath (2013) - 13 Sense of Touch.flac\"}]',0,'2020-01-26 19:06:50','2020-12-19 04:05:46','2020-12-19 04:01:24','2020-12-19 04:05:46',254,1,100,''),(322,'The Last Minutes of Stars',62,79,NULL,2013,'[{\"download_link\":\"songs\\/January2020\\/A4LpAzs9D6qgL2Om5R7d.flac\",\"original_name\":\"Break My Fucking Sky - Final Breath (2013) - 14 The Last Minutes of Stars.flac\"}]',0,'2020-01-26 19:07:08','2020-12-19 04:51:58','2020-12-19 04:46:18','2020-12-19 04:51:58',258,1,95,''),(323,'Will You Save Me',62,79,NULL,2013,'[{\"download_link\":\"songs\\/January2020\\/rT3iGWbRw3J8NZrXRaZv.flac\",\"original_name\":\"Break My Fucking Sky - Final Breath (2013) - 15 Will You Save Me.flac\"}]',0,'2020-01-26 19:07:28','2020-12-19 00:59:16','2020-12-19 00:53:26','2020-12-19 00:59:16',256,1,100,''),(324,'When We Were Kids',1,80,1,2020,'[{\"download_link\":\"songs\\/February2020\\/IahtA94psU3Ospj3HhAj.flac\",\"original_name\":\"Daniel Lehmann - Midnight Meditations - 01 When We Were Kids.flac\"}]',0,'2020-02-25 22:58:59','2020-12-18 22:20:07','2020-12-18 22:16:46','2020-12-18 22:20:07',203,1,100,'fawn'),(325,'Sacred',1,80,1,2020,'[{\"download_link\":\"songs\\/February2020\\/QwDPL9WQK61guV25mMqI.flac\",\"original_name\":\"Daniel Lehmann - Midnight Meditations - 02 Sacred.flac\"}]',0,'2020-02-25 22:59:25','2020-12-19 14:11:39','2020-12-19 14:08:17','2020-12-19 14:11:39',203,1,100,''),(326,'Neverending',1,80,1,2020,'[{\"download_link\":\"songs\\/February2020\\/Zbuq0hdl4GU8HoDop482.flac\",\"original_name\":\"Daniel Lehmann - Midnight Meditations - 03 Neverending.flac\"}]',0,'2020-02-25 23:00:02','2020-12-18 21:36:02','2020-12-18 21:32:41','2020-12-18 21:36:02',205,1,100,''),(327,'Addictive Sadness',1,80,1,2020,'[{\"download_link\":\"songs\\/February2020\\/tQhcfdiTGQxCnpQiN22j.flac\",\"original_name\":\"Daniel Lehmann - Midnight Meditations - 04 Addictive Sadness.flac\"}]',0,'2020-02-25 23:00:45','2020-12-19 13:32:01','2020-12-19 13:29:14','2020-12-19 13:32:01',205,1,100,''),(328,'Mystique',1,80,1,2020,'[{\"download_link\":\"songs\\/February2020\\/AU6mwTpRIxqHE8yUDSv0.flac\",\"original_name\":\"Daniel Lehmann - Midnight Meditations - 05 Mystique.flac\"}]',0,'2020-02-25 23:01:11','2020-12-19 17:08:21','2020-12-19 17:04:09','2020-12-19 17:08:21',205,1,100,''),(329,'Runaway',1,80,1,2020,'[{\"download_link\":\"songs\\/February2020\\/n4QIiNlgLtUeMKzR1aXN.flac\",\"original_name\":\"Daniel Lehmann - Midnight Meditations - 06 Runaway.flac\"}]',0,'2020-02-25 23:01:39','2020-12-19 12:10:22','2020-12-19 12:07:13','2020-12-19 12:10:22',202,1,100,''),(330,'The Last Relapse',1,80,1,2020,'[{\"download_link\":\"songs\\/February2020\\/v9PNTQ3DZWfYiG1py84x.flac\",\"original_name\":\"Daniel Lehmann - Midnight Meditations - 07 The Last Relapse.flac\"}]',0,'2020-02-25 23:02:05','2020-12-18 15:27:59','2020-12-18 15:24:11','2020-12-18 15:27:59',205,1,100,''),(331,'Luminance',1,80,1,2020,'[{\"download_link\":\"songs\\/February2020\\/iJ9VEzGrjHFoCY6iEgjK.flac\",\"original_name\":\"Daniel Lehmann - Midnight Meditations - 08 Luminance.flac\"}]',0,'2020-02-25 23:02:53','2020-12-19 09:16:10','2020-12-19 09:13:08','2020-12-19 09:16:10',200,1,100,''),(332,'Sleepers',1,80,1,2020,'[{\"download_link\":\"songs\\/February2020\\/MQ9J3viJYri0ezBpfJfY.flac\",\"original_name\":\"Daniel Lehmann - Midnight Meditations - 09 Sleepers.flac\"}]',0,'2020-02-25 23:03:25','2020-12-19 12:50:33','2020-12-19 12:47:19','2020-12-19 12:50:33',204,1,100,''),(333,'Illusion',1,80,1,2020,'[{\"download_link\":\"songs\\/February2020\\/mFTdMJA5cyl9gBoLoO2M.flac\",\"original_name\":\"Daniel Lehmann - Midnight Meditations - 10 Illusion.flac\"}]',0,'2020-02-25 23:03:49','2020-12-18 22:56:54','2020-12-18 22:53:24','2020-12-18 22:56:54',204,1,100,''),(334,'Loner',1,80,1,2020,'[{\"download_link\":\"songs\\/February2020\\/82v2kzfkG8274mAVVRLV.flac\",\"original_name\":\"Daniel Lehmann - Midnight Meditations - 11 Loner.flac\"}]',0,'2020-02-25 23:04:10','2020-12-19 07:27:26','2020-12-19 07:23:31','2020-12-19 07:27:26',205,1,100,''),(335,'Soulfly',1,80,1,2020,'[{\"download_link\":\"songs\\/February2020\\/EXTMmL9Or57AtrZJF51x.flac\",\"original_name\":\"Daniel Lehmann - Midnight Meditations - 12 Soulfly.flac\"}]',0,'2020-02-25 23:05:03','2020-12-19 14:58:06','2020-12-19 14:55:20','2020-12-19 14:58:06',205,1,100,''),(336,'Rewind',1,80,1,2020,'[{\"download_link\":\"songs\\/February2020\\/rBDji8ubJWxf5CfL4FkT.flac\",\"original_name\":\"Daniel Lehmann - Midnight Meditations - 13 Rewind.flac\"}]',0,'2020-02-25 23:05:34','2020-12-19 03:54:23','2020-12-19 03:49:12','2020-12-19 03:54:23',206,1,100,''),(337,'Skylda',25,NULL,7,2020,'[{\"download_link\":\"songs\\/May2020\\/LVS8lcjeHzgDAMe8Fk0S.flac\",\"original_name\":\"Danheim - Skylda.flac\"}]',0,'2020-05-24 20:48:51','2020-12-19 07:01:20','2020-12-19 06:56:42','2020-12-19 07:01:20',114,1,100,NULL),(338,'A New Beginning',54,81,NULL,2020,'[{\"download_link\":\"songs\\/June2020\\/ZRw2CpOhjHxoLqwHOH7V.flac\",\"original_name\":\"Darkfield - Carry Us Away - 01 A New Beginning.flac\"}]',0,'2020-06-24 16:56:40','2020-12-19 12:34:47','2020-12-19 12:32:04','2020-12-19 12:34:47',91,1,100,NULL),(339,'Phoenix Down',54,81,NULL,2020,'[{\"download_link\":\"songs\\/June2020\\/CTu45BhPsmQUlOhGMzF6.flac\",\"original_name\":\"Darkfield - Carry Us Away - 02 Phoenix Down.flac\"}]',0,'2020-06-24 17:07:19','2020-12-19 01:48:38','2020-12-19 01:42:59','2020-12-19 01:48:38',90,1,100,NULL),(340,'Echoes',54,81,NULL,2020,'[{\"download_link\":\"songs\\/June2020\\/nFH7Z3XZXI4RL8TEZ3lM.flac\",\"original_name\":\"Darkfield - Carry Us Away - 03 Echoes.flac\"}]',0,'2020-06-24 17:35:03','2020-12-19 05:58:45','2020-12-19 05:55:14','2020-12-19 05:58:45',91,1,100,NULL),(341,'Halcyon',54,81,NULL,2020,'[{\"download_link\":\"songs\\/June2020\\/TJ3wvFknzfFgh7zUwVns.flac\",\"original_name\":\"Darkfield - Carry Us Away - 04 Halcyon.flac\"}]',0,'2020-06-24 17:39:58','2020-12-18 21:57:19','2020-12-18 21:52:28','2020-12-18 21:57:19',90,1,100,NULL),(342,'Bloom',54,81,NULL,2020,'[{\"download_link\":\"songs\\/June2020\\/ABT9ONrPeOuw7Xdece0o.flac\",\"original_name\":\"Darkfield - Carry Us Away - 05 Bloom.flac\"}]',0,'2020-06-24 17:45:17','2020-12-18 21:21:26','2020-12-18 21:16:53','2020-12-18 21:21:26',90,1,100,NULL),(343,'The Outsider',54,81,NULL,2020,'[{\"download_link\":\"songs\\/June2020\\/23PLh9dLlSNzITsRrKte.flac\",\"original_name\":\"Darkfield - Carry Us Away - 06 The Outsider.flac\"}]',0,'2020-06-24 17:48:51','2020-12-19 01:03:35','2020-12-19 00:59:16','2020-12-19 01:03:35',90,1,100,NULL),(344,'Back to the Sky',54,81,NULL,2020,'[{\"download_link\":\"songs\\/June2020\\/qpfn5GQD6JLy7yD8pmFf.flac\",\"original_name\":\"Darkfield - Carry Us Away - 08 Back to the Sky.flac\"}]',0,'2020-06-24 17:56:00','2020-12-19 16:02:57','2020-12-19 15:58:18','2020-12-19 16:02:57',91,1,100,NULL),(345,'Mercurio',63,82,NULL,2019,'[{\"download_link\":\"songs\\/July2020\\/LRzIIlK2FNrZpjoBCis8.flac\",\"original_name\":\"Australasia - Mercurio \\u2022 Argento - 01 Mercurio.flac\"}]',0,'2020-07-30 18:36:25','2020-12-19 04:57:58','2020-12-19 04:51:58','2020-12-19 04:57:58',63,1,100,'galaxy universe'),(346,'Argento',63,82,NULL,2019,'[{\"download_link\":\"songs\\/July2020\\/g2CVKRXgAWJOUOQJITX5.flac\",\"original_name\":\"Australasia - Mercurio \\u2022 Argento - 02 Argento.flac\"}]',0,'2020-07-30 18:36:53','2020-12-19 01:17:24','2020-12-19 01:12:03','2020-12-19 01:17:24',63,1,100,'galaxy universe');
/*!40000 ALTER TABLE `songs` ENABLE KEYS */;
UNLOCK TABLES;

--
-- Table structure for table `tags`
--

DROP TABLE IF EXISTS `tags`;
/*!40101 SET @saved_cs_client     = @@character_set_client */;
/*!40101 SET character_set_client = utf8 */;
CREATE TABLE `tags` (
  `id` bigint(20) NOT NULL AUTO_INCREMENT,
  `title` varchar(255) COLLATE utf8mb4_unicode_ci NOT NULL,
  PRIMARY KEY (`id`)
) ENGINE=InnoDB DEFAULT CHARSET=utf8mb4 COLLATE=utf8mb4_unicode_ci;
/*!40101 SET character_set_client = @saved_cs_client */;

--
-- Dumping data for table `tags`
--

LOCK TABLES `tags` WRITE;
/*!40000 ALTER TABLE `tags` DISABLE KEYS */;
/*!40000 ALTER TABLE `tags` ENABLE KEYS */;
UNLOCK TABLES;

--
-- Table structure for table `translations`
--

DROP TABLE IF EXISTS `translations`;
/*!40101 SET @saved_cs_client     = @@character_set_client */;
/*!40101 SET character_set_client = utf8 */;
CREATE TABLE `translations` (
  `id` int(10) unsigned NOT NULL AUTO_INCREMENT,
  `table_name` varchar(191) COLLATE utf8mb4_unicode_ci NOT NULL,
  `column_name` varchar(191) COLLATE utf8mb4_unicode_ci NOT NULL,
  `foreign_key` int(10) unsigned NOT NULL,
  `locale` varchar(191) COLLATE utf8mb4_unicode_ci NOT NULL,
  `value` text COLLATE utf8mb4_unicode_ci NOT NULL,
  `created_at` timestamp NULL DEFAULT NULL,
  `updated_at` timestamp NULL DEFAULT NULL,
  PRIMARY KEY (`id`),
  UNIQUE KEY `translations_table_name_column_name_foreign_key_locale_unique` (`table_name`,`column_name`,`foreign_key`,`locale`)
) ENGINE=InnoDB AUTO_INCREMENT=31 DEFAULT CHARSET=utf8mb4 COLLATE=utf8mb4_unicode_ci;
/*!40101 SET character_set_client = @saved_cs_client */;

--
-- Dumping data for table `translations`
--

LOCK TABLES `translations` WRITE;
/*!40000 ALTER TABLE `translations` DISABLE KEYS */;
INSERT INTO `translations` VALUES (1,'data_types','display_name_singular',5,'pt','Post','2019-01-20 00:40:21','2019-01-20 00:40:21'),(2,'data_types','display_name_singular',6,'pt','Página','2019-01-20 00:40:21','2019-01-20 00:40:21'),(3,'data_types','display_name_singular',1,'pt','Utilizador','2019-01-20 00:40:21','2019-01-20 00:40:21'),(4,'data_types','display_name_singular',4,'pt','Categoria','2019-01-20 00:40:21','2019-01-20 00:40:21'),(5,'data_types','display_name_singular',2,'pt','Menu','2019-01-20 00:40:21','2019-01-20 00:40:21'),(6,'data_types','display_name_singular',3,'pt','Função','2019-01-20 00:40:21','2019-01-20 00:40:21'),(7,'data_types','display_name_plural',5,'pt','Posts','2019-01-20 00:40:21','2019-01-20 00:40:21'),(8,'data_types','display_name_plural',6,'pt','Páginas','2019-01-20 00:40:21','2019-01-20 00:40:21'),(9,'data_types','display_name_plural',1,'pt','Utilizadores','2019-01-20 00:40:21','2019-01-20 00:40:21'),(10,'data_types','display_name_plural',4,'pt','Categorias','2019-01-20 00:40:21','2019-01-20 00:40:21'),(11,'data_types','display_name_plural',2,'pt','Menus','2019-01-20 00:40:21','2019-01-20 00:40:21'),(12,'data_types','display_name_plural',3,'pt','Funções','2019-01-20 00:40:21','2019-01-20 00:40:21'),(13,'categories','slug',1,'pt','categoria-1','2019-01-20 00:40:21','2019-01-20 00:40:21'),(14,'categories','name',1,'pt','Categoria 1','2019-01-20 00:40:21','2019-01-20 00:40:21'),(15,'categories','slug',2,'pt','categoria-2','2019-01-20 00:40:21','2019-01-20 00:40:21'),(16,'categories','name',2,'pt','Categoria 2','2019-01-20 00:40:21','2019-01-20 00:40:21'),(17,'pages','title',1,'pt','Olá Mundo','2019-01-20 00:40:21','2019-01-20 00:40:21'),(18,'pages','slug',1,'pt','ola-mundo','2019-01-20 00:40:21','2019-01-20 00:40:21'),(19,'pages','body',1,'pt','<p>Olá Mundo. Scallywag grog swab Cat o\'nine tails scuttle rigging hardtack cable nipper Yellow Jack. Handsomely spirits knave lad killick landlubber or just lubber deadlights chantey pinnace crack Jennys tea cup. Provost long clothes black spot Yellow Jack bilged on her anchor league lateen sail case shot lee tackle.</p>\r\n<p>Ballast spirits fluke topmast me quarterdeck schooner landlubber or just lubber gabion belaying pin. Pinnace stern galleon starboard warp carouser to go on account dance the hempen jig jolly boat measured fer yer chains. Man-of-war fire in the hole nipperkin handsomely doubloon barkadeer Brethren of the Coast gibbet driver squiffy.</p>','2019-01-20 00:40:21','2019-01-20 00:40:21'),(20,'menu_items','title',1,'pt','Painel de Controle','2019-01-20 00:40:21','2019-01-20 00:40:21'),(21,'menu_items','title',2,'pt','Media','2019-01-20 00:40:21','2019-01-20 00:40:21'),(22,'menu_items','title',12,'pt','Publicações','2019-01-20 00:40:21','2019-01-20 00:40:21'),(23,'menu_items','title',3,'pt','Utilizadores','2019-01-20 00:40:21','2019-01-20 00:40:21'),(24,'menu_items','title',11,'pt','Categorias','2019-01-20 00:40:21','2019-01-20 00:40:21'),(25,'menu_items','title',13,'pt','Páginas','2019-01-20 00:40:21','2019-01-20 00:40:21'),(26,'menu_items','title',4,'pt','Funções','2019-01-20 00:40:21','2019-01-20 00:40:21'),(27,'menu_items','title',5,'pt','Ferramentas','2019-01-20 00:40:21','2019-01-20 00:40:21'),(28,'menu_items','title',6,'pt','Menus','2019-01-20 00:40:21','2019-01-20 00:40:21'),(29,'menu_items','title',7,'pt','Base de dados','2019-01-20 00:40:21','2019-01-20 00:40:21'),(30,'menu_items','title',10,'pt','Configurações','2019-01-20 00:40:21','2019-01-20 00:40:21');
/*!40000 ALTER TABLE `translations` ENABLE KEYS */;
UNLOCK TABLES;

--
-- Table structure for table `user_roles`
--

DROP TABLE IF EXISTS `user_roles`;
/*!40101 SET @saved_cs_client     = @@character_set_client */;
/*!40101 SET character_set_client = utf8 */;
CREATE TABLE `user_roles` (
  `user_id` int(10) unsigned NOT NULL,
  `role_id` int(10) unsigned NOT NULL,
  PRIMARY KEY (`user_id`,`role_id`),
  KEY `user_roles_user_id_index` (`user_id`),
  KEY `user_roles_role_id_index` (`role_id`),
  CONSTRAINT `user_roles_role_id_foreign` FOREIGN KEY (`role_id`) REFERENCES `roles` (`id`) ON DELETE CASCADE,
  CONSTRAINT `user_roles_user_id_foreign` FOREIGN KEY (`user_id`) REFERENCES `users` (`id`) ON DELETE CASCADE
) ENGINE=InnoDB DEFAULT CHARSET=utf8mb4 COLLATE=utf8mb4_unicode_ci;
/*!40101 SET character_set_client = @saved_cs_client */;

--
-- Dumping data for table `user_roles`
--

LOCK TABLES `user_roles` WRITE;
/*!40000 ALTER TABLE `user_roles` DISABLE KEYS */;
INSERT INTO `user_roles` VALUES (2,2);
/*!40000 ALTER TABLE `user_roles` ENABLE KEYS */;
UNLOCK TABLES;

--
-- Table structure for table `users`
--

DROP TABLE IF EXISTS `users`;
/*!40101 SET @saved_cs_client     = @@character_set_client */;
/*!40101 SET character_set_client = utf8 */;
CREATE TABLE `users` (
  `id` int(10) unsigned NOT NULL AUTO_INCREMENT,
  `role_id` int(10) unsigned DEFAULT NULL,
  `name` varchar(191) COLLATE utf8mb4_unicode_ci NOT NULL,
  `email` varchar(191) COLLATE utf8mb4_unicode_ci NOT NULL,
  `avatar` varchar(191) COLLATE utf8mb4_unicode_ci DEFAULT 'users/default.png',
  `email_verified_at` timestamp NULL DEFAULT NULL,
  `password` varchar(191) COLLATE utf8mb4_unicode_ci NOT NULL,
  `remember_token` varchar(100) COLLATE utf8mb4_unicode_ci DEFAULT NULL,
  `settings` text COLLATE utf8mb4_unicode_ci,
  `created_at` timestamp NULL DEFAULT NULL,
  `updated_at` timestamp NULL DEFAULT NULL,
  PRIMARY KEY (`id`),
  UNIQUE KEY `users_email_unique` (`email`),
  KEY `users_role_id_foreign` (`role_id`),
  CONSTRAINT `users_role_id_foreign` FOREIGN KEY (`role_id`) REFERENCES `roles` (`id`)
) ENGINE=InnoDB AUTO_INCREMENT=3 DEFAULT CHARSET=utf8mb4 COLLATE=utf8mb4_unicode_ci;
/*!40101 SET character_set_client = @saved_cs_client */;

--
-- Dumping data for table `users`
--

LOCK TABLES `users` WRITE;
/*!40000 ALTER TABLE `users` DISABLE KEYS */;
INSERT INTO `users` VALUES (1,1,'Admin','alone_monax@xakep.ru','users/January2019/sxa7XWM5pK95vabmeHk0.png',NULL,'$2y$10$NGHcGrAk50QAZTA0RpyYr.C/4NHKKDlUn5cxaBeKcQFDfCHGBlnhe','Cp0jxBPROvi7NcJmw6Byi0Megcf35CAZgfwpS50jew7uwQFDrKZTWqsKa7X6','{\"locale\":\"en\"}','2019-01-20 00:40:21','2019-01-27 18:05:49'),(2,3,'AkumaTheDeer','akumathedeer@mail.ru','users/January2019/I0eOo81jbd02CUkPm9Km.jpg',NULL,'$2y$10$DTDljaIQFdX.5cpLUi2Q1OxsFHs0LMpgOLzHe0j1qgg2wGRGUgC1C','FzCoWVbuj5R4SklUIxCywBT4BbI750kMuOZG0BoO3uf6MZHmdTbqptEqqoKy','{\"locale\":\"en\"}','2019-01-27 01:43:10','2019-01-27 16:07:01');
/*!40000 ALTER TABLE `users` ENABLE KEYS */;
UNLOCK TABLES;
/*!40103 SET TIME_ZONE=@OLD_TIME_ZONE */;

/*!40101 SET SQL_MODE=@OLD_SQL_MODE */;
/*!40014 SET FOREIGN_KEY_CHECKS=@OLD_FOREIGN_KEY_CHECKS */;
/*!40014 SET UNIQUE_CHECKS=@OLD_UNIQUE_CHECKS */;
/*!40101 SET CHARACTER_SET_CLIENT=@OLD_CHARACTER_SET_CLIENT */;
/*!40101 SET CHARACTER_SET_RESULTS=@OLD_CHARACTER_SET_RESULTS */;
/*!40101 SET COLLATION_CONNECTION=@OLD_COLLATION_CONNECTION */;
/*!40111 SET SQL_NOTES=@OLD_SQL_NOTES */;

-- Dump completed on 2020-12-20 12:57:44
