-- MySQL dump 10.19  Distrib 10.3.29-MariaDB, for debian-linux-gnu (x86_64)
--
-- Host: localhost    Database: deer_radio
-- ------------------------------------------------------
-- Server version	10.3.29-MariaDB-0ubuntu0.20.04.1

/*!40101 SET @OLD_CHARACTER_SET_CLIENT=@@CHARACTER_SET_CLIENT */;
/*!40101 SET @OLD_CHARACTER_SET_RESULTS=@@CHARACTER_SET_RESULTS */;
/*!40101 SET @OLD_COLLATION_CONNECTION=@@COLLATION_CONNECTION */;
/*!40101 SET NAMES utf8mb4 */;
/*!40103 SET @OLD_TIME_ZONE=@@TIME_ZONE */;
/*!40103 SET TIME_ZONE='+00:00' */;
/*!40014 SET @OLD_FOREIGN_KEY_CHECKS=@@FOREIGN_KEY_CHECKS, FOREIGN_KEY_CHECKS=0 */;
/*!40101 SET @OLD_SQL_MODE=@@SQL_MODE, SQL_MODE='NO_AUTO_VALUE_ON_ZERO' */;
/*!40111 SET @OLD_SQL_NOTES=@@SQL_NOTES, SQL_NOTES=0 */;

--
-- Dumping data for table `albums`
--

LOCK TABLES `albums` WRITE;
/*!40000 ALTER TABLE `albums` DISABLE KEYS */;
INSERT INTO `albums` (`id`, `author_id`, `title`, `year`) VALUES (1,1,'One With The Void Again',2018),(2,2,'2012 Collection',2012),(3,3,'Vegleitir',2018),(4,3,'Bregðask i',2018),(5,4,'Vessel',2018),(6,5,'The Showdown - Single',2014),(7,6,'The Decipher Volumes',2013),(8,8,'1​/​1​/​2017',2017),(9,10,'Odyssey オデッセイ',2018),(10,11,'Cadence',2016),(11,12,'Trapped In A Dream',2016),(12,12,'Sanctum',2015),(13,12,'INNER WAR',2014),(14,13,'Between The Rings',2017),(15,13,'A Moment Of Stillness',2011),(16,12,'METAMORPHOSIS',2015),(17,12,'Catharsis',2016),(18,13,'Light Years',2013),(19,6,'Symphonies',2016),(20,11,'hex phase',2015),(21,14,'Era2',2016),(22,14,'Era3',2017),(23,14,'Era4',2018),(24,6,'Evasive',2015),(25,17,'The Beating Heart EP',2018),(26,6,'In Remission',2016),(27,18,'The Way Home',2009),(28,18,'Shadows Of The Past',2012),(29,18,'Imminence',2013),(30,19,'Death rattle',2018),(31,19,'Enlightenment',2016),(32,19,'Time forgot',2016),(33,19,'Still at star',2017),(34,19,'Unnecessary',2017),(35,19,'Under the black sun',2017),(36,20,'ALPHABOT Version 1.0.2',2018),(37,21,'Redline',2010),(38,22,'Annihilation',2016),(39,23,'DJ​-​Kicks: Forest Swords',2018),(41,24,'Origins (2011​-​2016)',2017),(42,25,'Mannavegr',2017),(43,27,'Beast, Please Be Still',2007),(44,25,'Munarvagr',2017),(45,28,'Exaltation',2018),(48,32,'Icon',2013),(49,25,'Fridr',2018),(50,31,'Free',2013),(51,33,'Volume 2 - Planes Of Existence',2012),(52,35,'The new Vice City',2017),(53,36,'THE NEW DAWN',2017),(55,6,'Infra Versus Ultra',2014),(56,39,'A Long Lost Silence',2018),(57,40,'Fragmented',2014),(58,42,'Renegade',2017),(59,43,'No Land Called Home',2010),(60,40,'Flaneur EP',2013),(61,44,'Sleeping Bear',2014),(62,19,'Nonsensical',2018),(63,45,'Celtic Journey',2016),(64,47,'Vangheimr',2019),(65,50,'Tales of the night forest',2018),(66,33,'FUTURE GHOSTS',2014),(67,28,'Threads of Fate',2015),(68,52,'BEYOND THE GATE OF HELL LP',2015),(69,53,'Valley of shadows',2019),(70,54,'History is Violent',2019),(71,55,'Solstice',2017),(72,56,'Forsaken',2019),(73,57,'The Last',2019),(74,58,'Empty Room',2010),(75,59,'Disorganized Fun',2009),(76,60,'0',2014),(77,60,'Hávallagata 30 EP',2014),(78,61,'Numinous',2016),(79,62,'Final Breath',2013),(80,1,'Midnight Meditations',2020),(81,54,'Carry Us Away',2020),(82,63,'Mercurio • Argento',2019),(83,1,'GRVMND',2021),(84,65,'Hidden',2009),(85,1,'Nascent',2022),(86,9,'REMINISCENCE',2019),(87,1,'Themes From The Void',2022);
/*!40000 ALTER TABLE `albums` ENABLE KEYS */;
UNLOCK TABLES;

--
-- Dumping data for table `authors`
--

LOCK TABLES `authors` WRITE;
/*!40000 ALTER TABLE `authors` DISABLE KEYS */;
INSERT INTO `authors` (`id`, `name`, `is_active`, `played_at`, `finished_at`, `played_count`, `unsplash_search_query`) VALUES (1,'Daniel Lehmann',1,'2022-10-13 16:26:36','2022-10-13 16:33:31',29275,''), (2,'Tom Day',1,'2022-10-13 14:42:28','2022-10-13 14:49:19',9556,''), (3,'Fuimadane',1,'2022-10-13 16:43:07','2022-10-13 16:51:43',8803,''), (4,'LUNATIC',1,'2022-10-13 12:45:55','2022-10-13 12:53:20',1188,''), (5,'NOVAH',1,'2022-10-13 08:56:39','2022-10-13 09:00:43',1107,''), (6,'Neurotech',1,'2022-10-13 15:29:19','2022-10-13 15:36:27',20598,''), (7,'NeuroWulf',1,NULL,NULL,0,''), (8,'Arvo Party',1,'2022-10-13 14:03:01','2022-10-13 14:09:27',1107,''), (9,'ERRORIST',1,'2022-10-13 17:17:03','2022-10-13 17:21:17',3516,''), (10,'Samo & Co',1,'2022-10-13 01:04:56','2022-10-13 01:11:02',1109,''), (11,'Neon Shudder',1,'2022-10-13 12:42:43','2022-10-13 12:45:55',4393,''), (12,'RoughNX',1,'2022-10-13 17:12:15','2022-10-13 17:17:03',21075,''), (13,'Stellardrone',1,'2022-10-13 16:21:07','2022-10-13 16:26:36',8528,'galaxy universe'), (14,'Dreamstate Logic',1,'2022-10-13 16:59:19','2022-10-13 17:09:06',18799,'galaxy universe'), (15,'Phase',1,'2022-10-13 15:06:25','2022-10-13 15:10:55',1486,''), (17,'Robert Oaks',0,'2020-04-18 23:19:08','2020-04-18 23:27:09',21,''), (18,'Sleep Dealer',1,'2022-10-13 11:47:49','2022-10-13 11:53:38',13995,''), (19,'Birds Die Alone',1,'2022-10-13 17:09:06','2022-10-13 17:12:15',34307,''), (20,'ALPHABOT',1,'2022-10-13 13:52:31','2022-10-13 13:55:48',2851,''), (21,'Lazerhawk',1,'2022-10-13 03:00:34','2022-10-13 03:04:33',1048,''), (22,'Ivan Dominik',1,'2022-10-12 21:18:41','2022-10-12 21:22:38',1054,''), (23,'Forest Swords',1,'2020-04-02 21:33:04','2020-04-02 21:37:01',591,''), (24,'Uppermost',1,'2022-10-13 05:30:51','2022-10-13 05:36:22',2138,''), (25,'Danheim',1,'2022-10-13 16:39:57','2022-10-13 16:43:07',27148,''), (26,'Iиfected Uиicorn',1,'2022-10-13 07:00:34','2022-10-13 07:04:58',1425,''), (27,'Beast, Please Be Still',1,'2022-10-13 02:06:53','2022-10-13 02:09:57',1317,''), (28,'Fraunhofer Diffraction',1,'2022-10-13 13:23:22','2022-10-13 13:26:55',8011,''), (29,'Veratýs Burr',1,'2022-10-13 07:32:01','2022-10-13 07:36:06',1451,''), (31,'Int Company',1,'2022-10-13 06:43:02','2022-10-13 06:49:22',3060,''), (32,'River Bones',1,'2022-10-13 10:14:34','2022-10-13 10:19:11',2440,''), (33,'Sidewalks and Skeletons',1,'2022-10-13 14:14:17','2022-10-13 14:16:15',1986,''), (34,'VioDance',1,'2022-10-13 10:48:32','2022-10-13 10:51:55',1393,''), (35,'Kotovsky \'86',1,'2022-10-12 22:46:44','2022-10-12 22:50:27',1393,''), (36,'JEREMIAH KANE',1,'2022-10-13 10:44:03','2022-10-13 10:48:32',2401,''), (38,'Skinny Local',1,'2022-10-13 00:45:21','2022-10-13 00:49:23',1015,''), (39,'There\'s A Light',1,NULL,NULL,0,''), (40,'Evocativ',1,'2022-10-13 16:51:43','2022-10-13 16:55:41',10684,''), (41,'Divider',1,'2022-10-13 15:14:17','2022-10-13 15:22:09',1373,''), (42,'Decade Defector',1,'2020-05-25 15:37:37','2020-05-25 15:42:31',720,''), (43,'Subheim',1,'2022-10-13 16:33:31','2022-10-13 16:39:57',3350,''), (44,'Sleeping Bear',1,'2022-10-13 15:10:55','2022-10-13 15:14:17',8556,''), (45,'Filip Lackovic',1,'2022-10-13 08:45:14','2022-10-13 08:47:36',1372,''), (46,'Timepilot',1,'2022-10-13 02:56:14','2022-10-13 03:00:34',1338,''), (47,'Rúnfell',1,'2022-10-13 00:55:33','2022-10-13 00:59:36',2304,''), (48,'Arn Andersson',1,'2022-10-13 11:17:10','2022-10-13 11:20:57',2305,''), (49,'Hazy',1,'2022-10-13 10:34:11','2022-10-13 10:41:20',3273,''), (50,'Black Hill & Silent Island',1,'2022-10-13 13:59:33','2022-10-13 14:03:01',7427,''), (51,'Per Kiilstofte',1,'2022-10-13 15:57:26','2022-10-13 16:00:49',957,''), (52,'THE HUNT',1,'2022-10-12 18:50:49','2022-10-12 18:54:16',1281,''), (53,'Stvannyr',1,'2022-10-13 14:34:01','2022-10-13 14:39:06',7827,''), (54,'Darkfield',1,'2022-10-13 16:03:53','2022-10-13 16:08:32',13496,''), (55,'Astralia',0,'2021-08-20 10:36:11','2021-08-20 10:44:43',3451,NULL), (56,'tisamoo',1,'2022-10-13 16:12:46','2022-10-13 16:21:07',864,''), (57,'Alnea',1,'2022-10-13 14:49:19','2022-10-13 14:55:55',5293,''), (58,'Zack Hemsey',1,'2022-10-13 12:37:38','2022-10-13 12:42:43',9509,''), (59,'Ronald Jenkees',1,'2022-10-13 02:42:57','2022-10-13 02:47:37',2245,''), (60,'Low Roar',1,'2022-10-13 14:28:14','2022-10-13 14:34:01',1126,''), (61,'Those Who Ride With Giants',1,'2022-10-13 17:21:17','2022-10-13 14:26:14',9861,''), (62,'Break My Fucking Sky',1,'2022-10-13 16:55:41','2022-10-13 16:59:19',12875,''), (63,'Australasia',1,'2022-10-13 03:45:22','2022-10-13 03:51:17',1386,NULL), (64,'Tears of Technology',1,'2022-10-13 00:07:03','2022-10-13 00:13:14',935,NULL), (65,'Parks',1,'2022-10-13 05:02:00','2022-10-13 05:10:16',1236,NULL), (66,'EvergreenDeer',1,'2022-10-13 01:21:25','2022-10-13 01:24:14',41,NULL); /*!40000 ALTER TABLE `authors` ENABLE KEYS */;
UNLOCK TABLES;

--
-- Dumping data for table `author_links`
--

LOCK TABLES `author_links` WRITE;
/*!40000 ALTER TABLE `author_links` DISABLE KEYS */;
INSERT INTO `author_links` (`id`, `author_id`, `url`) VALUES (1,1,'https://daniellehmann.bandcamp.com'),(2,2,'https://music.tomday.me'),(3,3,'https://fuimadane.bandcamp.com'),(4,4,'https://lunaticofficial.bandcamp.com'),(5,5,'https://soundcloud.com/novahofficial'),(6,6,'https://neurotech.bandcamp.com'),(7,7,'https://neurowulf.bandcamp.com'),(8,8,'https://arvoparty.bandcamp.com'),(9,9,'https://soundcloud.com/errorist_music'),(10,10,'https://samoandco.bandcamp.com'),(11,11,'https://neonshudder.bandcamp.com'),(12,12,'https://www.youtube.com/user/scud90'),(13,13,'http://stellardrone.bandcamp.com'),(14,14,'http://dreamstatelogic.com'),(15,15,'https://soundcloud.com/phasednb'),(16,16,'http://dig.ccmixter.org/people/illi'),(17,17,'https://robertoaks.bandcamp.com'),(18,18,'http://sleepdealer.bandcamp.com'),(19,19,'https://vk.com/birdsdiealone'),(20,20,'https://soundspace.co/ALPHABOT'),(21,21,'https://lazerhawk.bandcamp.com'),(22,22,'https://ivandominik.bandcamp.com'),(23,23,'https://forestswords.bandcamp.com'),(24,24,'https://uppermost.bandcamp.com'),(25,25,'http://danheim.bandcamp.com'),(26,26,'https://infunicorn.bandcamp.com'),(27,27,'https://beastpleasebestill.bandcamp.com'),(28,28,'https://atropa.bandcamp.com'),(29,29,'https://www.youtube.com/user/MrVikingmani'),(30,30,'https://rone-music.bandcamp.com'),(31,31,'https://soundcloud.com/int_company'),(32,32,'http://riverbones.bandcamp.com'),(33,33,'http://sidewalksandskeletons.bandcamp.com'),(34,34,'http://www.viodance.com'),(35,35,'https://kotovsky86.bandcamp.com'),(36,36,'https://jeremiahkane.bandcamp.com'),(37,37,'http://www.tearsoftechnology.com'),(38,38,'https://soundcloud.com/skinnylocalmusic'),(39,39,'https://theresalight.bandcamp.com'),(40,40,'https://evocativ.bandcamp.com'),(41,41,'http://divider.bandcamp.com'),(42,42,'https://decadedefector.bandcamp.com'),(43,43,'https://subheim.bandcamp.com'),(44,44,'https://sbear.bandcamp.com'),(45,45,'https://filiplackovic.bandcamp.com'),(46,46,'https://soundcloud.com/bdosne'),(47,47,'https://www.youtube.com/c/Runfell'),(48,48,'https://www.arnandersson.com'),(49,49,'https://hazymusic.bandcamp.com'),(50,50,'https://blackhill1.bandcamp.com'),(51,51,'https://soundcloud.com/perkiilstofte'),(52,52,'https://wearethehunt.bandcamp.com'),(53,53,'https://stvannyr.bandcamp.com'),(54,54,'https://darkfieldmusic.bandcamp.com'),(55,55,'https://astralia.bandcamp.com'),(56,56,'https://tisamooo.bandcamp.com'),(57,57,'https://alneapostrock.bandcamp.com'),(58,58,'https://music.zackhemsey.com'),(59,58,'https://www.zackhemsey.com'),(60,58,'https://www.facebook.com/zackhemseymusic'),(61,58,'https://twitter.com/zack_hemsey'),(62,59,'https://ronaldjenkees.bandcamp.com'),(63,59,'https://www.instagram.com/rjenkees'),(64,59,'https://www.patreon.com/Jenkees'),(65,59,'http://www.ronaldjenkees.com'),(66,60,'http://www.lowroarmusic.com'),(67,60,'https://www.facebook.com/lowroar.music'),(68,60,'https://www.instagram.com/lowroar'),(69,60,'https://twitter.com/LOWROAR'),(70,60,'https://open.spotify.com/user/lowroarmusic'),(71,60,'https://itunes.apple.com/us/artist/low-roar/id475538413'),(72,61,'https://thosewhoridewithgiants.bandcamp.com'),(73,61,'https://thosewhoridewithgiants.com'),(74,61,'https://www.facebook.com/ThoseWhoRideWithGiants'),(75,62,'https://breakmyfuckingsky.bandcamp.com'),(76,62,'https://www.flickr.com/photos/bmfsru'),(78,62,'https://soundcloud.com/bmfsru'),(80,62,'https://www.facebook.com/bmfsru'),(81,62,'https://vk.com/breakmyfuckingsky'),(82,14,'https://dreamstatelogic.bandcamp.com'),(83,14,'https://www.youtube.com/dreamstatelogic'),(84,14,'https://soundcloud.com/dreamstatelogic'),(85,14,'https://www.facebook.com/dreamstatelogic'),(86,14,'https://www.instagram.com/dreamstatelogic'),(87,14,'https://open.spotify.com/artist/28v6aJcwl6Wvm6MH6gINzN'),(88,63,'https://www.facebook.com/australasiamusic'),(89,63,'https://australasia.bandcamp.com'),(90,63,'https://soundcloud.com/australasia'),(91,64,'https://tearsoftechnology.bandcamp.com'),(92,64,'http://www.tearsoftechnology.com'),(93,28,'https://ivoryrite.bandcamp.com'),(94,65,'https://parks.bandcamp.com'),(95,65,'https://www.facebook.com/parksmusic'),(96,65,'https://myspace.com/parksproject'),(97,65,'https://vk.com/parks'),(98,65,'https://www.reverbnation.com/parks'),(99,66,'https://evergreendeer.bandcamp.com');
/*!40000 ALTER TABLE `author_links` ENABLE KEYS */;
UNLOCK TABLES;

--
-- Dumping data for table `labels`
--

LOCK TABLES `labels` WRITE;
/*!40000 ALTER TABLE `labels` DISABLE KEYS */;
INSERT INTO `labels` (`id`, `name`) VALUES (1,'Skull Knight Records'),(2,'!K7 Music'),(3,'Uppwind Records'),(4,'InFiné Music'),(5,'Dangerous New Age'),(6,'Absys Records'),(7,'Fimbul Records'),(8,'Tonequake Records'),(9,'Infraction');
/*!40000 ALTER TABLE `labels` ENABLE KEYS */;
UNLOCK TABLES;

--
-- Dumping data for table `label_links`
--

LOCK TABLES `label_links` WRITE;
/*!40000 ALTER TABLE `label_links` DISABLE KEYS */;
INSERT INTO `label_links` (`id`, `label_id`, `url`) VALUES (1,1,'https://www.youtube.com/user/scud90'),(2,2,'http://www.k7.com'),(3,3,'https://www.uppwind.com'),(4,4,'http://www.infine-music.com'),(5,5,'https://soundcloud.com/dnarexs'),(6,6,'https://www.facebook.com/AbsysRecords'),(7,7,'https://www.fimbulrecords.com'),(8,8,'https://www.facebook.com/Tonequake'),(9,8,'https://soundcloud.com/tonequake-records'),(10,8,'https://tonequakerecords.bandcamp.com'),(11,8,'http://www.tonequake.com'),(12,9,'https://www.infractionrecords.com'),(13,9,'https://infraction.bandcamp.com');
/*!40000 ALTER TABLE `label_links` ENABLE KEYS */;
UNLOCK TABLES;

--
-- Dumping data for table `photobans`
--

LOCK TABLES `photobans` WRITE;
/*!40000 ALTER TABLE `photobans` DISABLE KEYS */;
INSERT INTO `photobans` (`id`, `image_url`) VALUES (1,'https://unsplash.com/photos/eDYAvsGo-WY'),(2,'https://unsplash.com/photos/cZ1R4Q9ZDW0'),(3,'https://unsplash.com/photos/vYpefd0mZQQ'),(4,'https://unsplash.com/photos/4bjHk-TZEEc'),(5,'https://unsplash.com/photos/YSTtIuB0YEM'),(6,'https://unsplash.com/photos/LdTcNI3Ob4c'),(7,'https://unsplash.com/photos/cNA2bgertSM'),(8,'http://unsplash.com/photos/_6ncgZGWvv8'),(9,'https://unsplash.com/photos/ACuZTvNFp8Y'),(10,'https://unsplash.com/photos/K-wmWWHO9oc'),(11,'https://unsplash.com/photos/-gbt9HZ90IM'),(12,'https://unsplash.com/photos/3Q4Gqbr6Fx8'),(13,'https://unsplash.com/photos/dU-ouXBJBu4'),(14,'https://unsplash.com/photos/EYINg_uKrJE'),(15,'https://unsplash.com/photos/usbPj8VDxHI'),(16,'https://unsplash.com/photos/76ZPV2Vzutk');
/*!40000 ALTER TABLE `photobans` ENABLE KEYS */;
UNLOCK TABLES;

--
-- Dumping data for table `songs`
--

LOCK TABLES `songs` WRITE;
/*!40000 ALTER TABLE `songs` DISABLE KEYS */;
INSERT INTO `songs` (`id`, `title`, `author_id`, `album_id`, `label_id`, `year`, `source`, `tempo`, `created_at`, `updated_at`, `played_at`, `finished_at`, `played_count`, `is_active`, `volume`, `unsplash_search_query`) VALUES (1,'Talisman',1,1,1,2017,'[{\"download_link\":\"songs\\/January2019\\/H256Q4xFeR34ZVGbvGYN.mp3\",\"original_name\":\"(2016) RoughNX - Talisman.mp3\"}]',0,'0000-00-00 00:00:00','2022-10-12 03:31:20','2022-10-12 03:27:33','2022-10-12 03:31:20',1189,1,100,''),(2,'After The Fall',1,1,1,2016,'[{\"download_link\":\"songs\\/January2019\\/RpmJkDqfpfs02JK5IPDD.mp3\",\"original_name\":\"(2016) RoughNX - Exitus - 07 After The Fall.mp3\"}]',0,'0000-00-00 00:00:00','2022-10-11 11:54:13','2022-10-11 11:48:23','2022-10-11 11:54:13',845,1,100,''),(3,'Who We Want To Be (Original Mix)',2,2,NULL,2012,'[{\"download_link\":\"songs\\/February2019\\/GB9w0tA5eN9I8F60BRFx.flac\",\"original_name\":\"Tom Day - Tom Day - Who We Want To Be (Original Mix).flac\"},{\"download_link\":\"songs\\/April2020\\/TGBXb76KQ0XAYtBE3vKN.flac\",\"original_name\":\"Tom Day - Tom Day - 2012 Collection - 06 Tom Day - Who We Want To Be (Original Mix).flac\"}]',0,'0000-00-00 00:00:00','2022-10-12 20:59:28','2022-10-12 20:52:57','2022-10-12 20:59:28',1116,1,100,''),(4,'Vita Fram',3,4,NULL,2018,'[{\"download_link\":\"songs\\/January2019\\/lC2F9pPAizHPQBepST3i.flac\",\"original_name\":\"Fuimadane - Breg\\u00f0ask i - 03 Vita Fram.flac\"}]',0,'0000-00-00 00:00:00','2022-10-13 06:37:18','2022-10-13 06:33:19','2022-10-13 06:37:18',1475,1,100,''),(5,'Vættr',3,4,NULL,2018,'[{\"download_link\":\"songs\\/January2019\\/Xwt9TTZzcwsYEgPDqFVr.flac\",\"original_name\":\"Fuimadane - Breg\\u00f0ask i - 08 V\\u00e6ttr.flac\"}]',0,'0000-00-00 00:00:00','2022-10-13 16:51:43','2022-10-13 16:43:07','2022-10-13 16:51:43',1483,1,100,''),(6,'Reflection',1,1,1,2015,'[{\"download_link\":\"songs\\/January2019\\/9d1EsWcEQF3RJYaChugD.mp3\",\"original_name\":\"(2015) RoughNX - METAMORPHOSIS -FULL ALBUM- - 01 Reflection.mp3\"}]',0,'0000-00-00 00:00:00','2022-10-12 12:48:33','2022-10-12 12:45:34','2022-10-12 12:48:33',854,1,100,''),(7,'Don\'t Wake Me',1,1,1,2018,'[{\"download_link\":\"songs\\/January2019\\/5rFLo5gRyLDQol2TOTyj.mp3\",\"original_name\":\"(2017) RoughNX - Don\'t Wake Me From This Sleep..mp3\"}]',0,'2019-01-20 06:28:33','2022-10-11 23:30:23','2022-10-11 23:26:59','2022-10-11 23:30:23',1198,1,100,NULL),(8,'Limbo',4,5,1,2017,'[{\"download_link\":\"songs\\/January2019\\/AQRRIMmf4kzSOmvjPQcE.mp3\",\"original_name\":\"(2017) RoughNX - Limbo (Long Edit).mp3\"},{\"download_link\":\"songs\\/April2020\\/VPMCw5hZXo6w9roWjsPB.flac\",\"original_name\":\"roughNX - Falcon -2018- - 12 Limbo (Extended) -Bonus-.flac\"}]',0,'2019-01-20 06:35:05','2022-10-13 12:53:20','2022-10-13 12:45:55','2022-10-13 12:53:20',1212,1,100,''),(9,'The Showdown',5,6,NULL,2014,'[{\"download_link\":\"songs\\/January2019\\/bKqZO4sJsmZeLQQNdcXb.mp3\",\"original_name\":\"NOVAH - The Showdown.mp3\"}]',0,'2019-01-20 06:40:36','2022-10-13 09:00:43','2022-10-13 08:56:39','2022-10-13 09:00:43',1125,1,100,''),(10,'Nyssa',1,1,1,2016,'[{\"download_link\":\"songs\\/January2019\\/Qpd6yoSiHWaztOkVbIr4.mp3\",\"original_name\":\"(2016) RoughNX - Exitus - 06 Nyssa.mp3\"}]',0,'2019-01-20 06:42:15','2022-10-13 09:28:13','2022-10-13 09:23:06','2022-10-13 09:28:13',1187,1,100,''),(11,'Triumph',6,7,NULL,2013,'[{\"download_link\":\"songs\\/January2019\\/7Zkg7Gz4V4FWVWIPFHnC.flac\",\"original_name\":\"Neurotech - The Decipher Volumes - 17 Triumph.flac\"}]',0,'2019-01-23 05:27:07','2022-10-12 17:18:41','2022-10-12 17:14:53','2022-10-12 17:18:41',1031,1,100,''),(12,'Decipher',6,7,NULL,2013,'[{\"download_link\":\"songs\\/January2019\\/S4cy9BXrARod79Fu57lV.flac\",\"original_name\":\"Neurotech - The Decipher Volumes - 20 Decipher.flac\"}]',0,'2019-01-23 05:28:42','2022-10-13 15:36:27','2022-10-13 15:29:19','2022-10-13 15:36:27',1017,1,100,'galaxy universe deer'),(13,'No Turning Back',6,7,NULL,2013,'[{\"download_link\":\"songs\\/January2019\\/p15yU7eunuItK0ObuvkG.flac\",\"original_name\":\"Neurotech - The Decipher Volumes - 16 No Turning Back.flac\"}]',0,'2019-01-23 05:29:21','2022-10-12 18:27:53','2022-10-12 18:23:35','2022-10-12 18:27:53',1028,1,100,''),(14,'Forlorn Hope',1,1,1,2017,'[{\"download_link\":\"songs\\/January2019\\/yaVeoWvVG6jXFp1B8Eoc.mp3\",\"original_name\":\"(2017) RoughNX - Forlorn Hope.mp3\"}]',0,'2019-01-23 05:38:36','2022-10-12 06:30:49','2022-10-12 06:26:28','2022-10-12 06:30:49',856,1,100,''),(15,'Chevy Chase',8,8,NULL,2017,'[{\"download_link\":\"songs\\/March2019\\/102iwL1ni3XbB7KxMGQP.flac\",\"original_name\":\"Arvo Party - 1-1-2017 - 04 Chevy Chase (Radio Edit).flac\"},{\"download_link\":\"songs\\/April2020\\/HuQD97CIKrNVa0VUZxe7.flac\",\"original_name\":\"Arvo Party - 1-1-2017 - 04 Chevy Chase.flac\"}]',0,'2019-01-26 23:39:42','2022-10-13 14:09:27','2022-10-13 14:03:01','2022-10-13 14:09:27',1133,1,100,''),(16,'Departure From Varna',9,86,NULL,2018,'[{\"download_link\":\"songs\\/January2019\\/YbwdnXdyC4QJfxSS3J3U.flac\",\"original_name\":\"ERRORIST - Departure From Varna.flac\"}]',0,'2019-01-27 00:14:02','2022-10-13 13:16:05','2022-10-13 13:10:13','2022-10-13 13:16:05',1119,1,100,NULL),(17,'Time Out',10,9,NULL,2018,'[{\"download_link\":\"songs\\/January2019\\/jEZOiEeh7MmDFpyFZcQw.flac\",\"original_name\":\"Samo & Co - Time Out.flac\"}]',0,'2019-01-27 00:26:25','2022-10-13 01:11:02','2022-10-13 01:04:56','2022-10-13 01:11:02',1127,1,100,''),(18,'Aftermath',11,10,NULL,2016,'[{\"download_link\":\"songs\\/January2019\\/UBl3ZACOkIGKfILjXRee.flac\",\"original_name\":\"neon shudder - Aftermath.flac\"},{\"download_link\":\"songs\\/April2020\\/ZGJaYIbLcm01XKXXdUPC.flac\",\"original_name\":\"neon shudder - Cadence - 19 Aftermath.flac\"}]',0,'2019-01-27 00:36:10','2022-10-13 09:23:06','2022-10-13 09:19:55','2022-10-13 09:23:06',1108,1,100,''),(19,'Spirits Of The Future',12,11,1,2015,'[{\"download_link\":\"songs\\/January2019\\/G02cT5PgpAGY6YxFQ5YP.mp3\",\"original_name\":\"(2015) RoughNX - Trapped In A Dream -Deluxe Edition 2016- - 05 Spirits Of The Future.mp3\"},{\"download_link\":\"songs\\/April2020\\/v1KExcm6Y95dRKqNGYxq.flac\",\"original_name\":\"roughNX - Trapped In A Dream -2015- - 05 Spirits Of The Future.flac\"}]',0,'2019-01-27 01:07:04','2022-10-12 20:35:41','2022-10-12 20:32:21','2022-10-12 20:35:41',1435,1,70,''),(20,'Spirits Of The Past',12,12,1,2015,'[{\"download_link\":\"songs\\/January2019\\/vNWfqG7StsVujQYisfOZ.mp3\",\"original_name\":\"(2015) RoughNX - Sanctum -FULL EP- - 03 Spirits Of The Past.mp3\"}]',0,'2019-01-27 01:08:16','2022-10-13 01:57:21','2022-10-13 01:54:18','2022-10-13 01:57:21',1371,1,90,''),(21,'FIGHT MUSIC',12,13,1,2014,'[{\"download_link\":\"songs\\/January2019\\/HlYOXMgvicUxWLdz2H1P.mp3\",\"original_name\":\"(2014) RoughNX - INNER WAR -FULL EP- - 04 FIGHT MUSIC.mp3\"}]',0,'2019-01-27 01:10:41','2022-10-13 04:42:01','2022-10-13 04:38:32','2022-10-13 04:42:01',1017,1,100,''),(22,'Waking The Demon',12,12,1,2014,'[{\"download_link\":\"songs\\/January2019\\/j84brbMfF5CU719gtmgM.mp3\",\"original_name\":\"(2014) RoughNX - Sanctum -FULL EP- - 02 Waking The Demon.mp3\"}]',0,'2019-01-27 01:12:10','2022-10-13 10:02:49','2022-10-13 10:00:03','2022-10-13 10:02:49',1014,1,100,''),(23,'Fortuna',12,NULL,1,2015,'[{\"download_link\":\"songs\\/January2019\\/ZtUxYgNfkGnDMcBoGUoG.mp3\",\"original_name\":\"(2015) RoughNX - Fortuna.mp3\"}]',0,'2019-01-27 01:27:09','2022-10-13 14:42:28','2022-10-13 14:39:06','2022-10-13 14:42:28',1363,1,100,''),(24,'Trapped In A Dream',12,11,1,2015,'[{\"download_link\":\"songs\\/January2019\\/CnOjxxSLvVYAwOJCiwFv.mp3\",\"original_name\":\"(2015) RoughNX - Trapped In A Dream -Deluxe Edition 2016- - 06 Trapped In A Dream.mp3\"},{\"download_link\":\"songs\\/April2020\\/juuwIzD1b7hLKy6wEG4w.flac\",\"original_name\":\"roughNX - Trapped In A Dream -2015- - 06 Trapped In A Dream.flac\"}]',0,'2019-01-27 01:28:21','2022-10-12 23:30:53','2022-10-12 23:26:37','2022-10-12 23:30:53',1444,1,100,''),(25,'Wake Up',12,11,1,2015,'[{\"download_link\":\"songs\\/January2019\\/gQvgivEXzQHpR7XwbZz1.mp3\",\"original_name\":\"(2015) RoughNX - Trapped In A Dream -Deluxe Edition 2016- - 07 Wake Up.mp3\"},{\"download_link\":\"songs\\/April2020\\/gloORhzmcV2v23YIVK8d.flac\",\"original_name\":\"roughNX - Trapped In A Dream -2015- - 07 Wake Up.flac\"}]',0,'2019-01-27 01:29:46','2022-10-13 11:17:10','2022-10-13 11:13:41','2022-10-13 11:17:10',1434,1,100,''),(26,'Between The Rings',13,14,NULL,2017,'[{\"download_link\":\"songs\\/January2019\\/ZXlLziTM7pv0g1cSnRT6.flac\",\"original_name\":\"Stellardrone - Between The Rings - 05 Between The Rings.flac\"}]',0,'2019-01-27 15:38:45','2022-10-13 10:56:58','2022-10-13 10:51:55','2022-10-13 10:56:58',1087,1,100,''),(27,'To The Great Beyond',13,14,NULL,2017,'[{\"download_link\":\"songs\\/January2019\\/ounjWoWX0cbjqmeq4UiK.flac\",\"original_name\":\"Stellardrone - Between The Rings - 01 To The Great Beyond.flac\"}]',0,'2019-01-27 15:42:24','2022-10-13 16:26:36','2022-10-13 16:21:07','2022-10-13 16:26:36',1087,1,100,''),(28,'Breathe In The Light',13,14,NULL,2015,'[{\"download_link\":\"songs\\/January2019\\/HHI2UUhPVCTPnKdQ3ZEW.flac\",\"original_name\":\"Stellardrone - Between The Rings - 02 Breathe In The Light.flac\"}]',0,'2019-01-27 16:57:16','2022-10-13 09:05:40','2022-10-13 09:00:43','2022-10-13 09:05:40',1464,1,100,''),(29,'Billions And Billions',13,15,NULL,2011,'[{\"download_link\":\"songs\\/January2019\\/d9g48IJlyPcqQ0XlJ5tu.flac\",\"original_name\":\"Stellardrone - A Moment Of Stillness - 02 Billions And Billions.flac\"}]',0,'2019-01-27 17:01:50','2022-10-13 07:17:07','2022-10-13 07:11:58','2022-10-13 07:17:07',1088,1,100,''),(30,'Smíða',3,4,NULL,2018,'[{\"download_link\":\"songs\\/January2019\\/vyEi9Dk2xnCXKZzzrJh1.flac\",\"original_name\":\"Fuimadane - Breg\\u00f0ask i - 12 Sm\\u00ed\\u00f0a.flac\"}]',0,'2019-01-27 17:12:12','2022-10-13 08:13:20','2022-10-13 08:09:24','2022-10-13 08:13:20',1455,1,100,''),(31,'ANOTHER LIFE',12,13,1,2014,'[{\"download_link\":\"songs\\/January2019\\/z0x7RjwXd9mwAIGXEKWW.mp3\",\"original_name\":\"(2014) RoughNX - INNER WAR -FULL EP- - 05 ANOTHER LIFE.mp3\"}]',0,'2019-01-27 17:15:33','2022-10-13 16:12:46','2022-10-13 16:08:32','2022-10-13 16:12:46',999,1,100,''),(32,'Battlefield',12,16,NULL,2015,'[{\"download_link\":\"songs\\/January2019\\/NdbrMAOGHJHHpOVyZtzk.mp3\",\"original_name\":\"(2015) RoughNX - METAMORPHOSIS -FULL ALBUM- - 15 Battlefield.mp3\"}]',0,'2019-01-27 17:19:52','2022-10-13 17:17:03','2022-10-13 17:12:15','2022-10-13 17:17:03',1012,1,100,''),(33,'Leaving Earth',1,1,1,2017,'[{\"download_link\":\"songs\\/January2019\\/1YLMMGZzQRXu62jBg4AX.mp3\",\"original_name\":\"(2017) RoughNX - Leaving Earth.mp3\"}]',0,'2019-01-27 17:23:54','2022-10-13 01:21:25','2022-10-13 01:16:21','2022-10-13 01:21:25',837,1,100,''),(34,'One Last Stand',1,1,1,2015,'[{\"download_link\":\"songs\\/January2019\\/1joQtnkKTwamQdUbBvCs.mp3\",\"original_name\":\"(2015) RoughNX - Trapped In A Dream -Deluxe Edition 2016- - 11 One Last Stand.mp3\"},{\"download_link\":\"songs\\/April2020\\/pmzdJtH6wlTFsnQOBL3B.flac\",\"original_name\":\"roughNX - Trapped In A Dream -2015- - 11 One Last Stand.flac\"}]',0,'2019-01-27 17:56:28','2022-10-12 13:50:05','2022-10-12 13:46:36','2022-10-12 13:50:05',898,1,100,''),(36,'ORPHANAGE',1,1,1,2016,'[{\"download_link\":\"songs\\/January2019\\/Rhia90kSsm6XiL4y3uTM.mp3\",\"original_name\":\"(2016) RoughNX - Catharsis -FULL ALBUM- - 01 Orphanage.mp3\"}]',0,'2019-01-27 17:59:16','2022-10-13 14:28:14','2022-10-13 14:26:14','2022-10-13 14:28:14',1180,1,100,''),(37,'Purity',12,17,1,2016,'[{\"download_link\":\"songs\\/January2019\\/1e6IdqZ2k7CmGKwc7EB0.mp3\",\"original_name\":\"(2016) RoughNX - Catharsis -FULL ALBUM- - 05 Purity.mp3\"}]',0,'2019-01-27 18:12:40','2022-10-12 21:41:37','2022-10-12 21:39:36','2022-10-12 21:41:37',995,1,100,''),(38,'Into The Night',1,1,1,2016,'[{\"download_link\":\"songs\\/January2019\\/8BsHB9PuLVjiXpOtGBRw.mp3\",\"original_name\":\"(2016) RoughNX - Exitus - 02 Into The Night.mp3\"}]',0,'2019-01-27 18:35:12','2022-10-13 06:23:42','2022-10-13 06:20:32','2022-10-13 06:23:42',832,1,100,''),(39,'Visions In The Dark',1,1,1,2016,'[{\"download_link\":\"songs\\/January2019\\/w5ePdySRIZScKrzBAxI1.mp3\",\"original_name\":\"(2016) RoughNX - Exitus - 03 Visions In The Dark.mp3\"}]',0,'2019-01-27 18:41:08','2022-10-12 14:49:22','2022-10-12 14:45:45','2022-10-12 14:49:22',1175,1,100,''),(40,'I Am So Tired',1,1,1,2017,'[{\"download_link\":\"songs\\/January2019\\/DGNDdEep0AXFkaWZ1eci.mp3\",\"original_name\":\"(2017) RoughNX - I am tired now..mp3\"}]',0,'2019-01-27 19:01:03','2022-10-12 05:29:50','2022-10-12 05:26:07','2022-10-12 05:29:50',1183,1,100,''),(41,'LET GO (Extended Version)',1,1,1,2017,'[{\"download_link\":\"songs\\/January2019\\/mjQ3IZKsrQnf0S50QulO.mp3\",\"original_name\":\"(2017) RoughNX - Let Go.mp3\"}]',0,'2019-01-27 19:05:51','2022-10-11 14:00:33','2022-10-11 13:54:33','2022-10-11 14:00:33',827,1,100,''),(42,'Looking Skywards',1,1,1,2017,'[{\"download_link\":\"songs\\/January2019\\/sJgQFyfNa9aEHQPUTd2O.mp3\",\"original_name\":\"(2017) RoughNX - Looking Skywards.mp3\"}]',0,'2019-01-27 19:13:33','2022-10-11 09:48:57','2022-10-11 09:45:43','2022-10-11 09:48:57',1183,1,100,''),(43,'STANDOFF',1,1,1,2017,'[{\"download_link\":\"songs\\/January2019\\/4DGuYMqgXcDUH7iUzHOe.mp3\",\"original_name\":\"(2017) RoughNX - Standoff.mp3\"},{\"download_link\":\"songs\\/April2020\\/kiRxVs5sHUJhs5UEY1ce.flac\",\"original_name\":\"roughNX - Falcon -2018- - 11 Standoff.flac\"}]',0,'2019-01-27 19:14:35','2022-10-12 20:13:34','2022-10-12 20:09:58','2022-10-12 20:13:34',1220,1,100,NULL),(44,'The Flood',1,1,1,2017,'[{\"download_link\":\"songs\\/January2019\\/YsdA8H0s2oxg5qEXCgGe.mp3\",\"original_name\":\"(2017) RoughNX - The Flood.mp3\"}]',0,'2019-01-27 19:23:20','2022-10-11 20:21:56','2022-10-11 20:17:22','2022-10-11 20:21:56',825,1,100,''),(45,'The World Is Not Enough',1,1,1,2016,'[{\"download_link\":\"songs\\/January2019\\/EGfc9fo7xVseTmdiaCJ8.mp3\",\"original_name\":\"(2016) RoughNX - The World Is Not Enough.mp3\"}]',0,'2019-01-27 19:31:36','2022-10-11 21:22:27','2022-10-11 21:16:15','2022-10-11 21:22:27',831,1,100,''),(46,'The Battle Is Over',1,1,1,2016,'[{\"download_link\":\"songs\\/January2019\\/sz3oaM6B0Zxpx0sdASWz.mp3\",\"original_name\":\"(2016) RoughNX - The Battle Is Over.mp3\"}]',0,'2019-01-27 19:34:23','2022-10-12 15:56:42','2022-10-12 15:52:59','2022-10-12 15:56:42',833,1,100,''),(47,'FALL OF LIBERTY',12,13,1,2014,'[{\"download_link\":\"songs\\/January2019\\/BOZFd6jZPJgYBx2pbBAe.mp3\",\"original_name\":\"(2014) RoughNX - INNER WAR -FULL EP- - 03 FALL OF LIBERTY.mp3\"}]',0,'2019-01-27 19:41:34','2022-10-13 08:40:54','2022-10-13 08:37:39','2022-10-13 08:40:54',1006,1,100,''),(48,'TITANFALL',12,13,NULL,2014,'[{\"download_link\":\"songs\\/January2019\\/VrCOASw2OtkTRf3SjMdP.mp3\",\"original_name\":\"(2014) RoughNX - INNER WAR -FULL EP- - 02 TITANFALL.mp3\"}]',0,'2019-01-27 19:42:38','2022-10-13 00:52:49','2022-10-13 00:49:23','2022-10-13 00:52:49',1366,1,100,''),(49,'FORERUNNERS',12,13,1,2014,'[{\"download_link\":\"songs\\/January2019\\/hZr3uAzfDqustzeS3KQM.mp3\",\"original_name\":\"(2014) RoughNX - INNER WAR -FULL EP- - 06 FORERUNNERS.mp3\"}]',0,'2019-01-27 19:45:02','2022-10-13 13:42:58','2022-10-13 13:39:29','2022-10-13 13:42:58',1000,1,100,''),(50,'Never Back Down',12,16,1,2015,'[{\"download_link\":\"songs\\/January2019\\/vbg5dRaRVQ7xbUgrlYz5.mp3\",\"original_name\":\"(2015) RoughNX - METAMORPHOSIS -FULL ALBUM- - 03 Never Back Down.mp3\"}]',0,'2019-01-27 19:47:47','2022-10-13 03:36:19','2022-10-13 03:33:27','2022-10-13 03:36:19',997,1,100,''),(52,'Outlast',12,12,1,2014,'[{\"download_link\":\"songs\\/January2019\\/thPMY3fg1ofYxTJW1zST.mp3\",\"original_name\":\"(2014) RoughNX - Sanctum -FULL EP- - 05 Outlast.mp3\"}]',0,'2019-01-27 19:50:11','2022-10-13 07:32:01','2022-10-13 07:28:47','2022-10-13 07:32:01',1002,1,100,''),(53,'Lost Along The Way',12,17,1,2016,'[{\"download_link\":\"songs\\/January2019\\/ggI55H47CKwqEnZ2o5C1.mp3\",\"original_name\":\"(2016) RoughNX - Catharsis -FULL ALBUM- - 06 Lost Along The Way.mp3\"}]',0,'2019-01-27 19:51:40','2022-10-12 19:38:22','2022-10-12 19:34:57','2022-10-12 19:38:22',997,1,100,''),(55,'Forbandelsen',3,NULL,NULL,2018,'[{\"download_link\":\"songs\\/January2019\\/IdS7rCZGSEOoMOesVWT9.flac\",\"original_name\":\"Fuimadane - Forbandelsen.flac\"}]',0,'2019-01-27 20:14:59','2022-10-13 04:30:50','2022-10-13 04:24:52','2022-10-13 04:30:50',1466,1,100,''),(56,'Red Giant',13,18,NULL,2013,'[{\"download_link\":\"songs\\/January2019\\/JjlODPn0LADy6NgKhoZ7.flac\",\"original_name\":\"Stellardrone - Light Years - 01 Red Giant.flac\"}]',0,'2019-01-27 21:10:10','2022-10-13 02:36:17','2022-10-13 02:33:06','2022-10-13 02:36:17',1092,1,100,''),(57,'The Contract',11,10,NULL,2016,'[{\"download_link\":\"songs\\/January2019\\/2PBsqVdV3Fzav01YAMLk.flac\",\"original_name\":\"neon shudder - Cadence - 06 The Contract.flac\"}]',0,'2019-01-28 20:19:24','2022-10-13 00:15:20','2022-10-13 00:13:14','2022-10-13 00:15:20',1090,1,100,''),(63,'petrichor',11,20,NULL,2015,'[{\"download_link\":\"songs\\/January2019\\/slyBvuqTFuFLJ5KWiL8H.flac\",\"original_name\":\"neon shudder - hex phase - 03 petrichor.flac\"}]',0,'2019-01-28 22:10:08','2022-10-13 12:45:55','2022-10-13 12:42:43','2022-10-13 12:45:55',1099,1,100,''),(64,'Galaxy\'s Child',14,21,NULL,2016,'[{\"download_link\":\"songs\\/January2019\\/D2avdQpngmjWHXybTh2y.mp3\",\"original_name\":\"Dreamstate Logic - Galaxy\'s Child.mp3\"}]',0,'2019-01-29 22:58:56','2022-10-13 01:42:19','2022-10-13 01:32:47','2022-10-13 01:42:19',1359,1,100,''),(65,'Emergence',14,21,NULL,2016,'[{\"download_link\":\"songs\\/January2019\\/bPFSceF1RJVa3gCOxVhG.mp3\",\"original_name\":\"Dreamstate Logic - Emergence.mp3\"}]',0,'2019-01-29 23:08:47','2022-10-12 23:56:45','2022-10-12 23:46:34','2022-10-12 23:56:45',1368,1,100,''),(66,'Time Flies',15,NULL,NULL,2012,'[{\"download_link\":\"songs\\/January2019\\/qNoqbpJKe6JUNisfOrLP.mp3\",\"original_name\":\"Phase - Time Flies (Liquid DnB).mp3\"}]',0,'2019-01-29 23:17:46','2022-10-13 15:10:55','2022-10-13 15:06:25','2022-10-13 15:10:55',1486,1,100,''),(67,'breaking protocol',11,20,NULL,2015,'[{\"download_link\":\"songs\\/January2019\\/JCy9vcpkiaiqvMjOVim3.flac\",\"original_name\":\"neon shudder - hex phase - 01 breaking protocol.flac\"}]',0,'2019-01-29 23:44:10','2022-10-13 05:14:11','2022-10-13 05:10:16','2022-10-13 05:14:11',1093,1,100,''),(68,'Ad Astra',14,21,NULL,2015,'[{\"download_link\":\"songs\\/January2019\\/N6FLT5GBVaQrRncoXIIv.mp3\",\"original_name\":\"Dreamstate Logic - Ad Astra.mp3\"}]',0,'2019-01-29 23:56:39','2022-10-13 17:09:06','2022-10-13 16:59:19','2022-10-13 17:09:06',1361,1,100,''),(69,'Unknown Future',14,21,NULL,2016,'[{\"download_link\":\"songs\\/January2019\\/Nzl2K3jolnwe9164fsuA.mp3\",\"original_name\":\"Dreamstate Logic - Unknown Future.mp3\"}]',0,'2019-01-29 23:59:41','2022-10-13 07:57:52','2022-10-13 07:48:01','2022-10-13 07:57:52',1370,1,100,''),(70,'Across The Void',14,21,NULL,2016,'[{\"download_link\":\"songs\\/January2019\\/IpizqnjSfEbTl1Lzgpj8.mp3\",\"original_name\":\"Dreamstate Logic - Across The Void.mp3\"}]',0,'2019-01-30 00:21:49','2022-10-12 18:50:49','2022-10-12 18:41:02','2022-10-12 18:50:49',1365,1,100,''),(71,'Among The Fallen Stars',14,21,NULL,2016,'[{\"download_link\":\"songs\\/January2019\\/JFhgSY1ldautUf9NqASG.mp3\",\"original_name\":\"Dreamstate Logic - Among The Fallen Stars.mp3\"}]',0,'2019-01-30 00:29:01','2022-10-13 09:55:35','2022-10-13 09:45:53','2022-10-13 09:55:35',1367,1,100,''),(72,'Compass',6,24,NULL,2015,'[{\"download_link\":\"songs\\/January2019\\/397eJtMXMBT942Y4EsGJ.flac\",\"original_name\":\"Neurotech - Evasive - 02 Compass.flac\"}]',0,'2019-01-30 01:14:47','2022-10-12 23:14:38','2022-10-12 23:10:33','2022-10-12 23:14:38',1375,1,100,''),(73,'From Liquid to Solid',6,24,NULL,2015,'[{\"download_link\":\"songs\\/January2019\\/2i7LmKgjf3bCseGwoooF.flac\",\"original_name\":\"Neurotech - Evasive - 03 From Liquid to Solid.flac\"}]',0,'2019-01-30 01:15:46','2022-10-13 04:33:09','2022-10-13 04:30:50','2022-10-13 04:33:09',1006,1,100,''),(74,'I Desensitize',6,24,NULL,2015,'[{\"download_link\":\"songs\\/January2019\\/Bnx6nzRHCzRhFJ3Di5s0.flac\",\"original_name\":\"Neurotech - Evasive - 04 I Desensitize.flac\"}]',0,'2019-01-30 01:17:03','2022-10-13 07:41:41','2022-10-13 07:36:06','2022-10-13 07:41:41',995,1,100,''),(75,'The Resurface',6,24,NULL,2015,'[{\"download_link\":\"songs\\/January2019\\/MZmtl5kFROb1zPFFx1bd.flac\",\"original_name\":\"Neurotech - Evasive - 06 The Resurface.flac\"}]',0,'2019-01-30 01:18:38','2022-10-13 08:56:39','2022-10-13 08:51:48','2022-10-13 08:56:39',1365,1,100,''),(76,'Through the Divine',6,24,NULL,2015,'[{\"download_link\":\"songs\\/January2019\\/Rm0QfoGTCyElD27r01J9.flac\",\"original_name\":\"Neurotech - Evasive - 10 Through the Divine.flac\"}]',0,'2019-01-30 01:19:41','2022-10-12 19:30:37','2022-10-12 19:24:50','2022-10-12 19:30:37',1362,1,100,''),(78,'The Beating Heart',17,25,NULL,2018,'[{\"download_link\":\"songs\\/January2019\\/TzkvCPbHAWLPo6sxBogE.flac\",\"original_name\":\"Robert Oaks - The Beating Heart EP - 01 The Beating Heart.flac\"}]',0,'2019-01-30 14:37:26','2020-04-18 23:27:09','2020-04-18 23:19:08','2020-04-18 23:27:09',21,1,100,''),(79,'Retrieve',6,26,NULL,2016,'[{\"download_link\":\"songs\\/January2019\\/eb4fDVQ9OvX4PjPWo91y.flac\",\"original_name\":\"Neurotech - In Remission - 01 Retrieve.flac\"}]',0,'2019-01-30 14:46:49','2022-10-13 02:33:06','2022-10-13 02:29:47','2022-10-13 02:33:06',1360,1,100,''),(80,'The Way Home',18,27,NULL,2009,'[{\"download_link\":\"songs\\/January2019\\/J9ucLYZPqBgiqyROClwV.flac\",\"original_name\":\"Sleep Dealer - The Way Home - 04 The Way Home.flac\"}]',0,'2019-01-31 11:28:05','2022-10-12 23:23:59','2022-10-12 23:18:15','2022-10-12 23:23:59',1393,1,100,''),(81,'The Tenth Planet',18,27,NULL,2009,'[{\"download_link\":\"songs\\/January2019\\/umIJaBoPmq8FcsZ4S1VU.flac\",\"original_name\":\"Sleep Dealer - The Way Home - 05 The Tenth Planet.flac\"}]',0,'2019-01-31 11:28:39','2022-10-13 11:53:38','2022-10-13 11:47:49','2022-10-13 11:53:38',1402,1,100,''),(82,'Point Of No Return',18,28,NULL,2012,'[{\"download_link\":\"songs\\/January2019\\/nYn4hBj2tCfhCinT5s7m.flac\",\"original_name\":\"Sleep Dealer - Shadows Of The Past - 01 Point Of No Return.flac\"}]',0,'2019-01-31 11:33:26','2022-10-13 09:35:23','2022-10-13 09:30:57','2022-10-13 09:35:23',1405,1,100,''),(83,'Imminence',18,29,NULL,2013,'[{\"download_link\":\"songs\\/January2019\\/zpFDzunEHMpD1rACSsT8.flac\",\"original_name\":\"Sleep Dealer - Imminence - 01 Imminence.flac\"}]',0,'2019-01-31 11:35:09','2022-10-13 05:45:21','2022-10-13 05:40:54','2022-10-13 05:45:21',1399,1,100,''),(84,'Wheel Of Time',18,29,NULL,2013,'[{\"download_link\":\"songs\\/January2019\\/En5JEeGJYHPEyMOYlKYc.flac\",\"original_name\":\"Sleep Dealer - Imminence - 02 Wheel Of Time.flac\"}]',0,'2019-01-31 19:57:36','2022-10-13 08:21:34','2022-10-13 08:17:04','2022-10-13 08:21:34',1396,1,100,''),(85,'Away',18,29,NULL,2013,'[{\"download_link\":\"songs\\/January2019\\/7HGuUcdkXJOUDBhk6TQ2.flac\",\"original_name\":\"Sleep Dealer - Imminence - 03 Away.flac\"}]',0,'2019-01-31 19:59:19','2022-10-12 16:38:20','2022-10-12 16:33:18','2022-10-12 16:38:20',1390,1,100,''),(86,'Hidden Path',18,29,NULL,2013,'[{\"download_link\":\"songs\\/January2019\\/FsBz2OC3Xs6wFVAX0278.flac\",\"original_name\":\"Sleep Dealer - Imminence - 04 Hidden Path.flac\"}]',0,'2019-01-31 19:59:52','2022-10-13 03:59:20','2022-10-13 03:55:01','2022-10-13 03:59:20',1402,1,100,''),(87,'On The Edge',18,29,NULL,2013,'[{\"download_link\":\"songs\\/January2019\\/rtPHCj4nZ2dM9PlQpWfj.flac\",\"original_name\":\"Sleep Dealer - Imminence - 05 On The Edge.flac\"}]',0,'2019-01-31 20:01:22','2022-10-12 21:12:13','2022-10-12 21:07:19','2022-10-12 21:12:13',1405,1,100,''),(88,'A Storm Was Gathering',18,29,NULL,2013,'[{\"download_link\":\"songs\\/January2019\\/d18wxkUH80nl0Y2WauwF.flac\",\"original_name\":\"Sleep Dealer - Imminence - 07 A Storm Was Gathering.flac\"}]',0,'2019-01-31 20:02:15','2022-10-12 19:48:44','2022-10-12 19:43:51','2022-10-12 19:48:44',1401,1,100,''),(89,'Nozomi',18,27,NULL,2012,'[{\"download_link\":\"songs\\/January2019\\/r6v8TpzEbvh68PB3lYcE.flac\",\"original_name\":\"Sleep Dealer - The Way Home - 01 Nozomi.flac\"}]',0,'2019-01-31 20:05:30','2022-10-13 00:23:46','2022-10-13 00:19:32','2022-10-13 00:23:46',1402,1,100,''),(90,'Death rattle',19,30,NULL,2018,'[{\"download_link\":\"songs\\/February2019\\/6i8BwWNowFyhnI9r9cqL.flac\",\"original_name\":\"Birds Die Alone - Death rattle.flac\"}]',0,'2019-02-02 19:36:07','2022-10-12 19:15:09','2022-10-12 19:11:14','2022-10-12 19:15:09',1029,1,100,''),(91,'Drowning in your eyes',19,30,NULL,2018,'[{\"download_link\":\"songs\\/February2019\\/k3W7CQaQ1u5iai4KvS1v.flac\",\"original_name\":\"Birds Die Alone - Drowning in your eyes.flac\"}]',0,'2019-02-02 19:38:47','2022-10-13 04:24:52','2022-10-13 04:22:12','2022-10-13 04:24:52',1022,1,100,''),(92,'in my mind',19,30,NULL,2018,'[{\"download_link\":\"songs\\/February2019\\/UmZw1w4gikEEajcDRUIp.flac\",\"original_name\":\"Birds Die Alone - in my mind.flac\"}]',0,'2019-02-02 19:40:18','2022-10-12 21:18:41','2022-10-12 21:14:58','2022-10-12 21:18:41',1019,1,100,''),(93,'Meet you at the moon',19,30,NULL,2018,'[{\"download_link\":\"songs\\/February2019\\/U2gp1iaA4n6l9qI4n94i.flac\",\"original_name\":\"Birds Die Alone - Meet you at the moon.flac\"}]',0,'2019-02-02 19:46:56','2022-10-13 07:28:47','2022-10-13 07:26:00','2022-10-13 07:28:47',1028,1,100,''),(94,'Remember',19,30,NULL,2018,'[{\"download_link\":\"songs\\/February2019\\/GnmdmTPnOp7oOMSYaX7l.flac\",\"original_name\":\"Birds Die Alone - Remember.flac\"}]',0,'2019-02-02 19:49:00','2022-10-11 01:36:05','2022-10-11 01:32:36','2022-10-11 01:36:05',1027,1,100,''),(95,'Roofs',19,30,NULL,2018,'[{\"download_link\":\"songs\\/February2019\\/cRxlsq2lSo8ksbbIZQYt.flac\",\"original_name\":\"Birds Die Alone - Roofs.flac\"}]',0,'2019-02-02 19:51:33','2022-10-12 12:06:25','2022-10-12 12:02:56','2022-10-12 12:06:25',1021,1,100,''),(96,'When the fire burn',19,30,NULL,2018,'[{\"download_link\":\"songs\\/February2019\\/w62PVs3hR6sQDFVKf1Qe.flac\",\"original_name\":\"Birds Die Alone - When the fire burn.flac\"}]',0,'2019-02-02 19:59:08','2022-10-13 00:27:33','2022-10-13 00:23:46','2022-10-13 00:27:33',1025,1,100,''),(97,'You know',19,30,NULL,2018,'[{\"download_link\":\"songs\\/February2019\\/LbMrp4Jxl91iEUe7IOar.flac\",\"original_name\":\"Birds Die Alone - You know.flac\"}]',0,'2019-02-02 20:00:18','2022-10-12 23:26:37','2022-10-12 23:23:59','2022-10-12 23:26:37',1024,1,100,''),(98,'Breathless',19,31,NULL,2018,'[{\"download_link\":\"songs\\/February2019\\/8Dkwjn2tXjoe2p6Wty66.flac\",\"original_name\":\"Birds Die Alone - Breathless.flac\"}]',0,'2019-02-02 20:07:08','2022-10-11 18:18:17','2022-10-11 18:15:13','2022-10-11 18:18:17',1024,1,100,''),(99,'Cries',19,31,NULL,2015,'[{\"download_link\":\"songs\\/February2019\\/xKRubvN0nGSS9PHqWuX5.flac\",\"original_name\":\"Birds Die Alone - Cries.flac\"}]',0,'2019-02-02 20:09:33','2022-10-13 10:44:03','2022-10-13 10:41:20','2022-10-13 10:44:03',1014,1,100,''),(100,'Time forgot',19,32,NULL,2016,'[{\"download_link\":\"songs\\/February2019\\/GjvV6N4dHG28O7JiAvWf.flac\",\"original_name\":\"Birds Die Alone - Past.flac\"},{\"download_link\":\"songs\\/April2020\\/BjKWZm0xJPytUhdV6aKq.flac\",\"original_name\":\"Birds Die Alone - Time forgot.flac\"}]',0,'2019-02-02 20:10:28','2022-10-12 17:08:16','2022-10-12 17:05:14','2022-10-12 17:08:16',1014,1,100,''),(101,'See through dreams',19,33,NULL,2017,'[{\"download_link\":\"songs\\/February2019\\/Lvzh8CxnVnalStoQl6io.flac\",\"original_name\":\"Birds Die Alone - See through dreams.flac\"}]',0,'2019-02-02 20:18:39','2022-10-12 18:06:01','2022-10-12 18:03:51','2022-10-12 18:06:01',1038,1,100,''),(102,'Into Aether',14,22,NULL,2018,'[{\"download_link\":\"songs\\/February2019\\/CZxgMhpoXD41UC0LxOk6.mp3\",\"original_name\":\"Dreamstate Logic - Into Aether.mp3\"}]',0,'2019-02-04 01:11:04','2022-10-13 02:56:14','2022-10-13 02:47:37','2022-10-13 02:56:14',1334,1,100,''),(103,'Echoes',19,34,NULL,2017,'[{\"download_link\":\"songs\\/February2019\\/9vClEoF4TXuyEXO8TzSh.flac\",\"original_name\":\"Birds Die Alone -  Echoes.flac\"}]',0,'2019-02-04 01:17:44','2022-10-13 03:24:10','2022-10-13 03:21:10','2022-10-13 03:24:10',1014,1,100,''),(104,'Hidden Realms',14,22,NULL,2018,'[{\"download_link\":\"songs\\/February2019\\/bqdNqvwrunYvCM09Ivyd.mp3\",\"original_name\":\"Dreamstate Logic - Hidden Realms.mp3\"}]',0,'2019-02-04 01:43:25','2022-10-12 20:45:12','2022-10-12 20:35:41','2022-10-12 20:45:12',1343,1,100,''),(105,'take me away',19,35,NULL,2016,'[{\"download_link\":\"songs\\/February2019\\/KW2be2KpcXcjKgwbqLCs.flac\",\"original_name\":\"Birds Die Alone - take me away.flac\"}]',0,'2019-02-04 01:48:36','2022-10-13 17:12:15','2022-10-13 17:09:06','2022-10-13 17:12:15',1018,1,100,''),(106,'Edge Of Eternity',14,22,NULL,2017,'[{\"download_link\":\"songs\\/February2019\\/HbeRTV9D34WxmSlVJ1ot.mp3\",\"original_name\":\"Dreamstate Logic - Edge Of Eternity.mp3\"}]',0,'2019-02-04 02:24:26','2022-10-13 13:52:31','2022-10-13 13:42:58','2022-10-13 13:52:31',1350,1,100,''),(107,'Make me fly',19,35,NULL,2015,'[{\"download_link\":\"songs\\/February2019\\/Er0MK8ql5ivgKKWekUIJ.flac\",\"original_name\":\"Birds Die Alone - Make me fly.flac\"}]',0,'2019-02-04 02:32:38','2022-10-12 09:55:57','2022-10-12 09:52:05','2022-10-12 09:55:57',1021,1,100,''),(108,'Dematerialized',14,22,NULL,2018,'[{\"download_link\":\"songs\\/February2019\\/ve1RCoYVd3fADwR4ajZL.mp3\",\"original_name\":\"Dreamstate Logic - Dematerialized.mp3\"}]',0,'2019-02-04 02:39:38','2022-10-13 15:50:05','2022-10-13 15:40:22','2022-10-13 15:50:05',1347,1,100,''),(109,'Silence',19,32,NULL,2016,'[{\"download_link\":\"songs\\/February2019\\/646OWPsqtJjIuH0ruvzs.flac\",\"original_name\":\"Birds Die Alone - Silence.flac\"}]',0,'2019-02-04 15:45:31','2022-10-12 11:02:44','2022-10-12 10:58:43','2022-10-12 11:02:44',1022,1,100,''),(110,'Staia',19,33,NULL,2017,'[{\"download_link\":\"songs\\/February2019\\/sTXpuD1P1AvI16Dhea4g.flac\",\"original_name\":\"Birds Die Alone - Staia.flac\"}]',0,'2019-02-04 17:35:03','2022-10-13 02:25:23','2022-10-13 02:22:30','2022-10-13 02:25:23',1018,1,100,''),(111,'Against himself',19,35,NULL,2016,'[{\"download_link\":\"songs\\/February2019\\/5HILrm4UmmPqDjtHxRb1.flac\",\"original_name\":\"Birds Die Alone - Against himself.flac\"}]',0,'2019-02-04 17:42:41','2022-10-13 06:29:49','2022-10-13 06:26:33','2022-10-13 06:29:49',1020,1,100,''),(112,'Shadows whisper',19,31,NULL,2016,'[{\"download_link\":\"songs\\/February2019\\/mGjOJh8vuorr2fOakCcj.flac\",\"original_name\":\"Birds Die Alone - Shadows whisper.flac\"}]',0,'2019-02-04 18:15:47','2022-10-12 15:04:40','2022-10-12 15:00:49','2022-10-12 15:04:40',1017,1,100,''),(113,'Everytime',19,32,NULL,2016,'[{\"download_link\":\"songs\\/February2019\\/meipNWWNfeaFqrFALYyp.flac\",\"original_name\":\"Birds Die Alone - Everytime.flac\"}]',0,'2019-02-04 18:19:50','2022-10-12 20:16:59','2022-10-12 20:13:34','2022-10-12 20:16:59',1007,1,100,''),(114,'About Last Night',20,36,NULL,2019,'[{\"download_link\":\"songs\\/February2019\\/kGQs6QkGdvAkQE9UCtu3.wav\",\"original_name\":\"ALPHABOT - About Last Night.wav\"}]',0,'2019-02-13 14:26:14','2022-10-13 13:55:48','2022-10-13 13:52:31','2022-10-13 13:55:48',1426,1,100,''),(115,'Cloud 9',20,36,NULL,2018,'[{\"download_link\":\"songs\\/February2019\\/cJZqnnrgSjTHQCO1ltPP.wav\",\"original_name\":\"ALPHABOT -Cloud 9.wav\"}]',0,'2019-02-13 14:27:50','2022-10-13 05:28:40','2022-10-13 05:23:55','2022-10-13 05:28:40',1425,1,100,''),(116,'Redline',21,37,NULL,2010,'[{\"download_link\":\"songs\\/February2019\\/PGyCnfk79ssAuyBA82nc.flac\",\"original_name\":\"Lazerhawk - Redline.flac\"}]',0,'2019-02-14 01:24:10','2022-10-13 03:04:33','2022-10-13 03:00:34','2022-10-13 03:04:33',1048,1,100,''),(117,'Grief',22,38,NULL,2016,'[{\"download_link\":\"songs\\/February2019\\/m3hL7om79Buz6ZUrhxKl.flac\",\"original_name\":\"Ivan Dominik - Grief.flac\"}]',0,'2019-02-14 01:38:59','2022-10-12 21:22:38','2022-10-12 21:18:41','2022-10-12 21:22:38',1054,1,100,''),(119,'Holmgang',25,42,NULL,2017,'[{\"download_link\":\"songs\\/February2019\\/dZDfbQ77fVbhaiaL1XuX.flac\",\"original_name\":\"Danheim - Mannavegr - 01 Holmgang.flac\"}]',0,'2019-02-14 02:10:33','2022-10-12 19:24:50','2022-10-12 19:21:40','2022-10-12 19:24:50',1197,1,100,''),(120,'Revolution',24,41,3,2013,'[{\"download_link\":\"songs\\/February2019\\/jWZSkUturQShYmMSzQyK.flac\",\"original_name\":\"Uppermost - Origins (2011-2016) - 20 Revolution.flac\"}]',0,'2019-02-14 02:12:23','2022-10-13 05:36:22','2022-10-13 05:30:51','2022-10-13 05:36:22',1051,1,100,''),(121,'Mistakes',24,41,3,2012,'[{\"download_link\":\"songs\\/February2019\\/CaoEhz9rqDnJOnQwda8N.flac\",\"original_name\":\"Uppermost - Origins (2011-2016) - 08 Mistakes.flac\"}]',0,'2019-02-14 02:13:51','2022-10-13 02:01:37','2022-10-13 01:57:21','2022-10-13 02:01:37',1052,1,100,''),(122,'Heljarför (Sigurbodi Vocal Version)',25,42,NULL,2017,'[{\"download_link\":\"songs\\/February2019\\/kqfDXuqGu9RhJYwwEgLA.flac\",\"original_name\":\"Danheim - Mannavegr - 02 Heljarf\\u00f6r (Sigurbodi Vocal Version).flac\"}]',0,'2019-02-14 02:16:25','2022-10-13 08:09:24','2022-10-13 08:05:09','2022-10-13 08:09:24',1215,1,100,''),(123,'Gripir (Sigurbodi Vocal Version)',25,42,NULL,2017,'[{\"download_link\":\"songs\\/February2019\\/4yhwr78vJ177cpRLoXfE.flac\",\"original_name\":\"Danheim - Mannavegr - 03 Gripir (Sigurbodi Vocal Version).flac\"}]',0,'2019-02-14 02:17:24','2022-10-13 03:55:01','2022-10-13 03:51:17','2022-10-13 03:55:01',1193,1,100,''),(124,'Folkvangr',25,42,NULL,2017,'[{\"download_link\":\"songs\\/February2019\\/2g0KuYCipxy0LnhkttZw.flac\",\"original_name\":\"Danheim - Mannavegr - 04 Folkvangr.flac\"}]',0,'2019-02-14 02:18:14','2022-10-13 14:24:47','2022-10-13 14:20:52','2022-10-13 14:24:47',1203,1,100,''),(125,'Fensalir',25,42,NULL,2017,'[{\"download_link\":\"songs\\/February2019\\/cmqj7IdDmSiRKY9oUqOU.flac\",\"original_name\":\"Danheim - Mannavegr - 05 Fensalir.flac\"}]',0,'2019-02-14 02:19:07','2022-10-13 11:01:18','2022-10-13 10:56:58','2022-10-13 11:01:18',1201,1,100,''),(126,'Vali',25,42,NULL,2017,'[{\"download_link\":\"songs\\/February2019\\/cB7HpxZMOZgFPYiBMlJJ.flac\",\"original_name\":\"Danheim - Mannavegr - 07 Vali.flac\"}]',0,'2019-02-14 02:19:39','2022-10-13 12:06:42','2022-10-13 12:03:06','2022-10-13 12:06:42',1203,1,100,''),(127,'Glundroði (with Sigurbodi)',25,42,NULL,2017,'[{\"download_link\":\"songs\\/February2019\\/ZzpP5NlSHj4iGu9FSVEC.flac\",\"original_name\":\"Danheim & Sigurbodi - Mannavegr - 06 Glundro\\u00f0i.flac\"}]',0,'2019-02-14 02:21:17','2022-10-12 16:08:02','2022-10-12 16:03:08','2022-10-12 16:08:02',1197,1,100,''),(128,'Nóatún',25,42,NULL,2017,'[{\"download_link\":\"songs\\/February2019\\/JYHlVj3TeLfw228xYga6.flac\",\"original_name\":\"Danheim - Mannavegr - 08 N\\u00f3at\\u00fan.flac\"}]',0,'2019-02-14 02:22:32','2022-10-12 17:14:53','2022-10-12 17:11:14','2022-10-12 17:14:53',1210,1,100,''),(129,'Ivar\'s Wrath',25,42,NULL,2017,'[{\"download_link\":\"songs\\/February2019\\/1t0dYBKEKIQMyfgpKmZo.flac\",\"original_name\":\"Danheim - Mannavegr - 09 Ivar\'s Wrath.flac\"}]',0,'2019-02-14 02:23:13','2022-10-13 01:46:02','2022-10-13 01:42:19','2022-10-13 01:46:02',1204,1,100,''),(130,'Mannavegr',25,42,NULL,2017,'[{\"download_link\":\"songs\\/February2019\\/1t4AIvMOPHGaJ7vRWsJA.flac\",\"original_name\":\"Danheim - Mannavegr - 10 Mannavegr.flac\"}]',0,'2019-02-14 02:23:53','2022-10-13 16:43:07','2022-10-13 16:39:57','2022-10-13 16:43:07',1204,1,100,''),(131,'War of the North',25,42,NULL,2017,'[{\"download_link\":\"songs\\/February2019\\/MnR7i3WPKrG8HsMY7xeq.flac\",\"original_name\":\"Danheim - Mannavegr - 11 War of the North.flac\"}]',0,'2019-02-14 02:24:20','2022-10-12 13:46:36','2022-10-12 13:42:07','2022-10-12 13:46:36',1207,1,100,''),(132,'Vanheimr',25,42,NULL,2017,'[{\"download_link\":\"songs\\/February2019\\/vxWsUdccLGIpBOMzBTAj.flac\",\"original_name\":\"Danheim - Mannavegr - 12 Vanheimr.flac\"}]',0,'2019-02-14 02:25:45','2022-10-13 15:40:22','2022-10-13 15:36:27','2022-10-13 15:40:22',1202,1,100,''),(133,'Gripir',25,42,NULL,2017,'[{\"download_link\":\"songs\\/February2019\\/SksBldvMCpiQPV4KIbaQ.flac\",\"original_name\":\"Danheim - Mannavegr - 13 Gripir.flac\"}]',0,'2019-02-14 02:26:14','2022-10-12 22:41:34','2022-10-12 22:37:54','2022-10-12 22:41:34',1203,1,100,''),(134,'Heljarför',25,42,NULL,2017,'[{\"download_link\":\"songs\\/February2019\\/yMjMYvTVoyEZrfrS8Zsp.flac\",\"original_name\":\"Danheim - Mannavegr - 14 Heljarf\\u00f6r.flac\"}]',0,'2019-02-14 02:26:46','2022-10-13 00:07:03','2022-10-13 00:02:56','2022-10-13 00:07:03',1215,1,100,''),(135,'Ímar',25,42,NULL,2017,'[{\"download_link\":\"songs\\/February2019\\/Es9cKWIf2cQElTCKVWE3.flac\",\"original_name\":\"Danheim - Mannavegr - 15 \\u00cdmar.flac\"}]',0,'2019-02-14 02:27:13','2022-10-13 07:07:57','2022-10-13 07:04:58','2022-10-13 07:07:57',1206,1,100,''),(136,'Youth & Death (feat. satanwave)',26,NULL,NULL,2016,'[{\"download_link\":\"songs\\/February2019\\/hxyoTB9paqmxfr0vr83g.flac\",\"original_name\":\"I\\u0438fected U\\u0438icorn - Youth & Death (feat. satanwave).flac\"}]',0,'2019-02-14 02:29:52','2022-10-13 07:04:58','2022-10-13 07:00:34','2022-10-13 07:04:58',1425,1,100,''),(137,'A Narrow Escape',27,43,NULL,2007,'[{\"download_link\":\"songs\\/February2019\\/gPOSzpWXNFntX8fj8cTU.flac\",\"original_name\":\"Beast, Please Be Still - A Narrow Escape.flac\"}]',0,'2019-02-16 13:09:39','2022-10-13 02:09:57','2022-10-13 02:06:53','2022-10-13 02:09:57',1049,1,100,''),(138,'Annihilate everything that exists!-',27,43,NULL,2007,'[{\"download_link\":\"songs\\/February2019\\/flM9wlHidk6nGxki6DrG.flac\",\"original_name\":\"Beast, Please Be Still - Annihilate everything that exists!-.flac\"}]',0,'2019-02-16 13:11:42','2020-05-01 22:39:04','2020-05-01 22:31:06','2020-05-01 22:39:04',268,0,100,NULL),(139,'Tyrfing',25,44,NULL,2017,'[{\"download_link\":\"songs\\/February2019\\/CRS6GRXavtbVWG3O6cn1.flac\",\"original_name\":\"Danheim - Tyrfing.flac\"}]',0,'2019-02-16 13:14:18','2022-10-13 13:19:27','2022-10-13 13:16:05','2022-10-13 13:19:27',1206,1,100,''),(140,'Floki\'s Last Journey',25,NULL,NULL,2017,'[{\"download_link\":\"songs\\/February2019\\/qtQHDrbnhFHMXBLrH3a6.flac\",\"original_name\":\"Danheim - Floki\'s Last Journey.flac\"}]',0,'2019-02-16 13:15:31','2022-10-12 20:23:21','2022-10-12 20:19:16','2022-10-12 20:23:21',1206,1,100,''),(141,'River of Fog',28,45,NULL,2018,'[{\"download_link\":\"songs\\/February2019\\/rm64moccEXN7QrrmAJOh.flac\",\"original_name\":\"Fraunhofer Diffraction - Exaltation - 01 River of Fog.flac\"}]',0,'2019-02-16 14:00:38','2022-10-13 11:25:22','2022-10-13 11:20:57','2022-10-13 11:25:22',1400,1,100,''),(142,'Broken Shards',28,45,NULL,2018,'[{\"download_link\":\"songs\\/February2019\\/Z0N4vQxS7gAxZ8X34PqS.flac\",\"original_name\":\"Fraunhofer Diffraction - Exaltation - 03 Broken Shards.flac\"}]',0,'2019-02-16 14:01:56','2022-10-13 13:26:55','2022-10-13 13:23:22','2022-10-13 13:26:55',1394,1,100,''),(143,'Gathering',28,45,NULL,2018,'[{\"download_link\":\"songs\\/February2019\\/ht8oUICrV2SmrXWDn571.flac\",\"original_name\":\"Fraunhofer Diffraction - Exaltation - 04 Gathering.flac\"}]',0,'2019-02-16 14:03:25','2022-10-12 18:23:35','2022-10-12 18:20:16','2022-10-12 18:23:35',1022,1,100,''),(144,'Skeleton Key',28,45,NULL,2018,'[{\"download_link\":\"songs\\/February2019\\/UBMLblXo27MkM4lVXJ23.flac\",\"original_name\":\"Fraunhofer Diffraction - Exaltation - 06 Skeleton Key.flac\"}]',0,'2019-02-16 14:05:17','2022-10-12 23:34:20','2022-10-12 23:30:53','2022-10-12 23:34:20',1404,1,100,''),(145,'Exaltation',28,45,NULL,2018,'[{\"download_link\":\"songs\\/February2019\\/KMDxwau2qBlWMxVZTVUg.flac\",\"original_name\":\"Fraunhofer Diffraction - Exaltation - 08 Exaltation.flac\"}]',0,'2019-02-16 14:06:33','2022-10-13 02:22:30','2022-10-13 02:18:24','2022-10-13 02:22:30',1028,1,100,''),(146,'Intoxication & Recklessness',28,45,NULL,2018,'[{\"download_link\":\"songs\\/February2019\\/vhR5hEYCIVAlboxJlh8v.flac\",\"original_name\":\"Fraunhofer Diffraction - Exaltation - 12 Intoxication & Recklessness.flac\"}]',0,'2019-02-16 14:11:36','2022-10-12 20:52:57','2022-10-12 20:45:12','2022-10-12 20:52:57',1398,1,100,''),(147,'Rewind',1,NULL,1,2019,'[{\"download_link\":\"songs\\/February2019\\/yGVzMKMsX5AGj0s1bCJU.flac\",\"original_name\":\"Daniel Lehmann - Rewind.flac\"}]',0,'2019-02-16 20:47:51','2020-04-04 17:21:19','2020-04-04 16:26:17','2020-04-04 16:31:28',512,0,100,''),(148,'Hrafnagaldr Óðins',29,NULL,NULL,2018,'[{\"download_link\":\"songs\\/February2019\\/iCbrj8SVHesoSv2ITpDq.mp3\",\"original_name\":\"Verat\\u00fds Burr - Hrafnagaldr \\u00d3\\u00f0ins.mp3\"}]',0,'2019-02-17 17:46:56','2022-10-13 07:36:06','2022-10-13 07:32:01','2022-10-13 07:36:06',1416,1,100,''),(149,'Norskt Runaljóð (Full Version)',29,NULL,NULL,2018,'[{\"download_link\":\"songs\\/February2019\\/TXGkHVkueVBoeukSgCd3.mp3\",\"original_name\":\"Verat\\u00fds Burr - Norskt Runalj\\u00f3\\u00f0 (Full Version).mp3\"}]',0,'2019-02-17 17:49:02','2020-05-01 07:04:18','2020-04-30 11:00:14','2020-04-30 11:07:09',35,0,100,NULL),(152,'Vidar',3,NULL,NULL,2018,'[{\"download_link\":\"songs\\/February2019\\/EGsImK4f8G4Gy3ZUBSb1.flac\",\"original_name\":\"Fuimadane - Vidar.flac\"}]',0,'2019-02-17 18:42:32','2022-10-13 15:26:23','2022-10-13 15:22:09','2022-10-13 15:26:23',1394,1,100,''),(153,'Hausrúnir (with Sigurbodi)',25,NULL,NULL,2018,'[{\"download_link\":\"songs\\/February2019\\/vmJgpNDIqXTDpXszS6iq.flac\",\"original_name\":\"Danheim - Danheim & Sigurbodi - Hausr\\u00fanir.flac\"}]',0,'2019-02-17 18:47:10','2022-10-13 05:02:00','2022-10-13 04:56:42','2022-10-13 05:02:00',1205,1,100,NULL),(154,'Fornheim',25,NULL,NULL,2018,'[{\"download_link\":\"songs\\/February2019\\/ZfSmGRvocPnuZfRM4A7N.flac\",\"original_name\":\"Danheim - Fornheim.flac\"}]',0,'2019-02-17 18:49:22','2022-10-13 02:42:57','2022-10-13 02:38:26','2022-10-13 02:42:57',1194,1,100,''),(155,'Berserkir',25,NULL,NULL,2017,'[{\"download_link\":\"songs\\/February2019\\/gD5nZlDQ1SPTDrvm2avZ.flac\",\"original_name\":\"Danheim - Berserkir.flac\"}]',0,'2019-02-17 18:50:08','2022-10-13 06:06:34','2022-10-13 06:02:43','2022-10-13 06:06:34',1200,1,100,''),(156,'Valravn',25,NULL,NULL,2017,'[{\"download_link\":\"songs\\/February2019\\/wTmF2uLlWFsO1sBrFLxE.flac\",\"original_name\":\"Danheim - Valravn.flac\"}]',0,'2019-02-17 18:51:22','2022-10-12 11:16:04','2022-10-12 11:11:58','2022-10-12 11:16:04',1194,1,100,''),(157,'Ocean',31,NULL,NULL,2013,'[{\"download_link\":\"songs\\/February2019\\/zK9i8G1H81azZU7TWNot.mp3\",\"original_name\":\"Int Company - Ocean.mp3\"}]',0,'2019-02-17 18:58:34','2022-10-13 02:29:47','2022-10-13 02:25:23','2022-10-13 02:29:47',1037,1,100,''),(158,'Worlds Collide (Original Mix)',31,NULL,5,2011,'[{\"download_link\":\"songs\\/February2019\\/wnqxWf6ooca8Id580zgb.mp3\",\"original_name\":\"Int Company - Worlds Collide (Original Mix).mp3\"}]',0,'2019-02-17 19:06:23','2022-10-13 06:49:22','2022-10-13 06:43:02','2022-10-13 06:49:22',1402,1,20,''),(159,'Tyrant',32,48,NULL,2013,'[{\"download_link\":\"songs\\/February2019\\/MS7lFue5HQD6xBlQBin3.flac\",\"original_name\":\"River Bones - Icon - 03 Tyrant.flac\"}]',0,'2019-02-17 19:09:57','2022-10-13 10:19:11','2022-10-13 10:14:34','2022-10-13 10:19:11',1408,1,100,''),(160,'Apatride',32,48,NULL,2013,'[{\"download_link\":\"songs\\/February2019\\/23RdUtOMwedAfi3vtkT9.flac\",\"original_name\":\"River Bones - Icon - 02 Apatride.flac\"}]',0,'2019-02-17 19:14:34','2022-10-13 01:54:18','2022-10-13 01:50:29','2022-10-13 01:54:18',1032,1,100,''),(161,'Yggdrasil',25,49,NULL,2018,'[{\"download_link\":\"songs\\/February2019\\/2ilt0eWNnO6xAbkuguOs.flac\",\"original_name\":\"Danheim - Yggdrasil.flac\"}]',0,'2019-02-17 19:34:33','2022-10-13 10:00:03','2022-10-13 09:55:35','2022-10-13 10:00:03',1213,1,100,''),(162,'Echo',19,31,NULL,2016,'[{\"download_link\":\"songs\\/February2019\\/AsVgOtBns2rIUTjWITgJ.flac\",\"original_name\":\"Birds Die Alone - Echo.flac\"}]',0,'2019-02-18 21:06:48','2022-10-13 09:30:57','2022-10-13 09:28:13','2022-10-13 09:30:57',1002,1,100,''),(163,'Hurt',19,31,NULL,2014,'[{\"download_link\":\"songs\\/February2019\\/DL5pZLQnXDjdPdmnyDFv.flac\",\"original_name\":\"Birds Die Alone - Hurt.flac\"}]',0,'2019-02-18 21:13:45','2022-10-11 22:44:16','2022-10-11 22:41:12','2022-10-11 22:44:16',993,1,100,''),(164,'No way',19,31,NULL,2016,'[{\"download_link\":\"songs\\/February2019\\/P46aV5mg9yD2ttUKhmTD.flac\",\"original_name\":\"Birds Die Alone - No way.flac\"}]',0,'2019-02-18 21:18:17','2022-10-12 22:19:50','2022-10-12 22:15:42','2022-10-12 22:19:50',1009,1,100,''),(165,'Treelos',19,31,NULL,2016,'[{\"download_link\":\"songs\\/February2019\\/fWhejS6aHJzokd0DgJ71.flac\",\"original_name\":\"Birds Die Alone - Treelos.flac\"}]',0,'2019-02-18 21:22:06','2022-10-13 08:33:00','2022-10-13 08:29:49','2022-10-13 08:33:00',1000,1,100,''),(166,'Dawn of a New Age',14,21,NULL,2015,'[{\"download_link\":\"songs\\/February2019\\/tkIEdhwEw1uMasBCNd87.mp3\",\"original_name\":\"Dreamstate Logic - Dawn of a New Age.mp3\"}]',0,'2019-02-18 21:27:10','2022-10-13 05:54:35','2022-10-13 05:45:21','2022-10-13 05:54:35',1316,1,100,''),(167,'Dimension Zero',14,21,NULL,2015,'[{\"download_link\":\"songs\\/February2019\\/20bSilcUWW3NIAXeDbPp.mp3\",\"original_name\":\"Dreamstate Logic - Dimension Zero.mp3\"}]',0,'2019-02-18 21:28:53','2022-10-13 04:16:59','2022-10-13 04:07:36','2022-10-13 04:16:59',1310,1,100,''),(168,'Comet Halley',13,18,NULL,2013,'[{\"download_link\":\"songs\\/February2019\\/TokO95Ix396ecmbL1oj5.flac\",\"original_name\":\"Stellardrone - Light Years - 07 Comet Halley.flac\"}]',0,'2019-02-18 21:33:41','2022-10-13 00:37:23','2022-10-13 00:33:46','2022-10-13 00:37:23',1387,1,100,''),(171,'inwardly',19,35,NULL,2016,'[{\"download_link\":\"songs\\/February2019\\/QjGXvyE9vpXk1uL5f5SY.flac\",\"original_name\":\"Birds Die Alone - inwardly.flac\"}]',0,'2019-02-20 04:25:59','2022-10-13 15:06:25','2022-10-13 15:02:31','2022-10-13 15:06:25',995,1,100,''),(172,'When we leave',19,35,NULL,2016,'[{\"download_link\":\"songs\\/February2019\\/IGurobobwFQWVGPJmI4r.flac\",\"original_name\":\"Birds Die Alone - When we leave.flac\"}]',0,'2019-02-20 04:28:57','2022-10-12 01:45:57','2022-10-12 01:42:57','2022-10-12 01:45:57',1000,1,100,''),(173,'With you',19,35,NULL,2015,'[{\"download_link\":\"songs\\/February2019\\/9wpCCPLkOZgIpb1DOgsu.flac\",\"original_name\":\"Birds Die Alone - With you.flac\"}]',0,'2019-02-20 04:30:03','2022-10-12 13:06:51','2022-10-12 13:03:01','2022-10-12 13:06:51',1007,1,100,''),(174,'Closed',19,34,NULL,2017,'[{\"download_link\":\"songs\\/February2019\\/J2rKCnG3LTCDMESbsphV.flac\",\"original_name\":\"Birds Die Alone - Closed.flac\"}]',0,'2019-02-20 04:31:10','2022-10-13 12:55:36','2022-10-13 12:53:20','2022-10-13 12:55:36',1013,1,100,''),(175,'Code Of Existence',14,22,NULL,2017,'[{\"download_link\":\"songs\\/February2019\\/vDFthGzRApp4m4jeJ2Ac.mp3\",\"original_name\":\"Dreamstate Logic - Code Of Existence.mp3\"}]',0,'2019-02-20 04:33:39','2022-10-13 11:40:47','2022-10-13 11:31:28','2022-10-13 11:40:47',1299,1,100,''),(176,'Silence',33,51,NULL,2012,'[{\"download_link\":\"songs\\/February2019\\/3CR9ORt0bT94VZvLKoiE.flac\",\"original_name\":\"Sidewalks and Skeletons - Volume 2- Planes Of Existence - 07 Silence.flac\"}]',0,'2019-02-21 10:21:22','2022-10-13 14:16:15','2022-10-13 14:14:17','2022-10-13 14:16:15',1023,1,100,''),(177,'Hēdhra',3,4,NULL,2018,'[{\"download_link\":\"songs\\/February2019\\/yVrDhjVrLCruGUkvQ6pP.flac\",\"original_name\":\"Fuimadane - Breg\\u00f0ask i - 13 H\\u0113dhra.flac\"}]',0,'2019-02-21 10:32:12','2020-04-20 17:02:22','2020-04-20 16:59:24','2020-04-20 17:02:22',238,0,60,''),(178,'Evolving Equations',6,26,NULL,2016,'[{\"download_link\":\"songs\\/February2019\\/nwkIqqzHgywLqtwyxdKp.flac\",\"original_name\":\"Neurotech - In Remission - 06 Evolving Equations.flac\"}]',0,'2019-02-21 11:03:15','2022-10-13 13:10:13','2022-10-13 13:05:41','2022-10-13 13:10:13',956,1,100,''),(179,'Synchronicity',14,22,NULL,2016,'[{\"download_link\":\"songs\\/February2019\\/qsYpZy9gXPTjRSop1Gb1.mp3\",\"original_name\":\"Dreamstate Logic - Synchronicity.mp3\"}]',0,'2019-02-21 11:07:03','2022-10-12 17:34:29','2022-10-12 17:24:47','2022-10-12 17:34:29',1311,1,100,''),(180,'Onyx',12,17,1,2016,'[{\"download_link\":\"songs\\/February2019\\/GDlaoxd3tzmHkltJXqhU.mp3\",\"original_name\":\"(2016) RoughNX - Catharsis -FULL ALBUM- - 11 Onyx.mp3\"}]',0,'2019-02-21 11:19:55','2022-10-13 06:02:43','2022-10-13 05:57:35','2022-10-13 06:02:43',1307,1,100,''),(181,'Enter the Endless',6,24,NULL,2015,'[{\"download_link\":\"songs\\/February2019\\/N1kuFLTUsr8xVvcRHwdk.flac\",\"original_name\":\"Neurotech - Evasive - 08 Enter the Endless.flac\"}]',0,'2019-02-21 11:22:45','2022-10-13 01:32:47','2022-10-13 01:26:51','2022-10-13 01:32:47',1310,1,100,''),(182,'CATHEDRAL',12,NULL,1,2016,'[{\"download_link\":\"songs\\/February2019\\/YVmVuS2Y1Tert5n9YeXd.mp3\",\"original_name\":\"(2016) \\u2666 RoughNX - CATHEDRAL \\u2666 (Royalty Free - Copyright Free Music).mp3\"}]',0,'2019-02-21 12:08:22','2022-10-12 17:11:14','2022-10-12 17:08:16','2022-10-12 17:11:14',955,1,100,''),(184,'Warm me up',19,34,NULL,2017,'[{\"download_link\":\"songs\\/February2019\\/OyVom4sqTZDjDpz1TZFa.flac\",\"original_name\":\"Birds Die Alone - Warm me up.flac\"}]',0,'2019-02-21 12:16:48','2022-10-13 16:03:53','2022-10-13 16:00:49','2022-10-13 16:03:53',996,1,100,''),(185,'Rendezvous With Rama',13,14,NULL,2017,'[{\"download_link\":\"songs\\/February2019\\/QooOO9yNXG0iZVo4RAvB.flac\",\"original_name\":\"Stellardrone - Between The Rings - 03 Rendezvous With Rama.flac\"}]',0,'2019-02-21 12:24:38','2022-10-12 21:39:36','2022-10-12 21:33:27','2022-10-12 21:39:36',1383,1,100,''),(186,'A New Tomorrow',6,7,NULL,2013,'[{\"download_link\":\"songs\\/February2019\\/Cxx5omF7BcDHnZAXqovF.flac\",\"original_name\":\"Neurotech - The Decipher Volumes - 19 A New Tomorrow.flac\"}]',0,'2019-02-22 11:39:30','2022-10-13 11:44:42','2022-10-13 11:40:47','2022-10-13 11:44:42',1315,1,100,''),(187,'Between Wake and Sleep',6,24,NULL,2015,'[{\"download_link\":\"songs\\/February2019\\/atB3b00PYDah4LMiCzKT.flac\",\"original_name\":\"Neurotech - Evasive - 07 Between Wake and Sleep.flac\"}]',0,'2019-02-22 11:49:15','2022-10-13 06:20:32','2022-10-13 06:16:47','2022-10-13 06:20:32',950,1,100,''),(188,'Is the Sunrise Coming',6,7,NULL,2013,'[{\"download_link\":\"songs\\/February2019\\/Px2uWR2yyJGrzLbfH9xN.flac\",\"original_name\":\"Neurotech - The Decipher Volumes - 10 Is the Sunrise Coming.flac\"}]',0,'2019-02-22 14:15:20','2022-10-12 21:02:40','2022-10-12 20:59:28','2022-10-12 21:02:40',1312,1,100,''),(190,'The Difference',6,7,NULL,2013,'[{\"download_link\":\"songs\\/February2019\\/e9y8VJDkWMqtxkvkBENY.flac\",\"original_name\":\"Neurotech - The Decipher Volumes - 18 The Difference.flac\"}]',0,'2019-02-22 14:26:52','2022-10-13 03:33:27','2022-10-13 03:27:39','2022-10-13 03:33:27',1302,1,100,''),(191,'Neon Streets',34,NULL,NULL,2018,'[{\"download_link\":\"songs\\/February2019\\/4elFPEqbKBCiMBshCL5H.wav\",\"original_name\":\"Neon Streets.wav\"}]',0,'2019-02-24 18:43:06','2022-10-13 10:51:55','2022-10-13 10:48:32','2022-10-13 10:51:55',1393,1,100,''),(192,'Traust',3,3,NULL,2018,'[{\"download_link\":\"songs\\/February2019\\/ujJGM7DFMACTTnX6qDWL.flac\",\"original_name\":\"Fuimadane - Vegleitir - 11 Traust.flac\"}]',0,'2019-02-24 20:57:03','2022-10-13 11:08:09','2022-10-13 11:03:21','2022-10-13 11:08:09',1374,1,100,''),(193,'The new Vice City',35,52,NULL,2017,'[{\"download_link\":\"songs\\/February2019\\/FnaeNy6Cj4bq2Pl9WEGR.flac\",\"original_name\":\"Kotovsky86 - The new Vice City.flac\"}]',0,'2019-02-24 21:03:50','2022-10-12 22:50:27','2022-10-12 22:46:44','2022-10-12 22:50:27',1393,1,100,''),(194,'Maelstrom',6,24,NULL,2015,'[{\"download_link\":\"songs\\/February2019\\/QI64ERWamqt5bnzaiHuw.flac\",\"original_name\":\"Neurotech - Evasive - 09 Maelstrom.flac\"}]',0,'2019-02-24 21:10:44','2022-10-13 10:14:34','2022-10-13 10:10:22','2022-10-13 10:14:34',943,1,100,''),(195,'TURBODASH',36,53,NULL,2017,'[{\"download_link\":\"songs\\/February2019\\/1ItXsiQDEVp45V8QiByo.flac\",\"original_name\":\"JEREMIAH KANE - TURBODASH.flac\"}]',0,'2019-02-25 15:12:55','2022-10-13 10:48:32','2022-10-13 10:44:03','2022-10-13 10:48:32',1393,1,100,''),(198,'Atlas',6,55,NULL,2014,'[{\"download_link\":\"songs\\/February2019\\/ZoTzS2Yw95Ku3JQelKRm.flac\",\"original_name\":\"Neurotech - Infra Versus Ultra - 02 Atlas.flac\"}]',0,'2019-02-25 22:09:31','2022-10-13 14:14:17','2022-10-13 14:09:27','2022-10-13 14:14:17',946,1,100,''),(199,'Mangala',38,NULL,NULL,2018,'[{\"download_link\":\"songs\\/February2019\\/F0pAD68K4QfUaNN41v0W.mp3\",\"original_name\":\"Mangala.mp3\"}]',0,'2019-02-25 22:18:13','2022-10-13 00:49:23','2022-10-13 00:45:21','2022-10-13 00:49:23',1015,1,100,''),(200,'Unleashing the Dead',6,55,NULL,2014,'[{\"download_link\":\"songs\\/February2019\\/TkmdxNeWcxgLCYJUKn9l.flac\",\"original_name\":\"Neurotech - Infra Versus Ultra - 04 Unleashing the Dead.flac\"}]',0,'2019-02-25 22:23:39','2022-10-12 22:08:30','2022-10-12 22:03:22','2022-10-12 22:08:30',945,1,100,''),(201,'THE KILLER GRID',36,53,NULL,2017,'[{\"download_link\":\"songs\\/February2019\\/UK8CFwtFSweSsNbnHsu6.flac\",\"original_name\":\"JEREMIAH KANE - THE KILLER GRID.flac\"}]',0,'2019-02-28 01:40:20','2022-10-13 00:00:33','2022-10-12 23:56:45','2022-10-13 00:00:33',1008,1,100,''),(202,'Talisman (Single)',2,NULL,NULL,2017,'[{\"download_link\":\"songs\\/February2019\\/fL7rrz0kTBVVQupMAyAE.flac\",\"original_name\":\"Tom Day - Tom Day - Talisman (Single).flac\"}]',0,'2019-02-28 01:42:17','2022-10-13 06:56:05','2022-10-13 06:49:22','2022-10-13 06:56:05',1366,1,100,''),(203,'Descending (Single)',2,NULL,NULL,2016,'[{\"download_link\":\"songs\\/February2019\\/YFSxRV9Xl6WPPQ8cThNF.flac\",\"original_name\":\"Tom Day - Tom Day - Descending (Single).flac\"}]',0,'2019-02-28 01:43:33','2022-10-13 09:12:29','2022-10-13 09:05:40','2022-10-13 09:12:29',1363,1,100,''),(204,'Departures',2,2,NULL,2012,'[{\"download_link\":\"songs\\/February2019\\/L8SacXlgOHS5uEX4PYqt.flac\",\"original_name\":\"Tom Day - Tom Day - 2012 Collection - 01 Tom Day - Departures.flac\"}]',0,'2019-02-28 01:45:36','2022-10-13 00:45:21','2022-10-13 00:40:34','2022-10-13 00:45:21',1374,1,100,''),(205,'Crossroads',2,2,NULL,2012,'[{\"download_link\":\"songs\\/February2019\\/iSm2CMEACfzWKzLUhOLc.flac\",\"original_name\":\"Tom Day - Tom Day - 2012 Collection - 05 Tom Day - Crossroads.flac\"}]',0,'2019-02-28 01:46:29','2022-10-13 04:47:10','2022-10-13 04:42:01','2022-10-13 04:47:10',997,1,100,''),(206,'Echoes',2,2,NULL,2012,'[{\"download_link\":\"songs\\/February2019\\/CALb5UhG9S7qNe5q0CAh.flac\",\"original_name\":\"Tom Day - Tom Day - 2012 Collection - 08 Tom Day - Echoes.flac\"}]',0,'2019-02-28 01:47:28','2022-10-13 14:49:19','2022-10-13 14:42:28','2022-10-13 14:49:19',992,1,100,''),(207,'Who We Want To Be (Soundtrack Mix)',2,2,NULL,2012,'[{\"download_link\":\"songs\\/February2019\\/OQhifzrfgftFIQjKQhXO.flac\",\"original_name\":\"Tom Day - Tom Day - 2012 Collection - 07 Tom Day - Who We Want To Be (Soundtrack Mix).flac\"}]',0,'2019-02-28 01:51:40','2022-10-13 11:57:54','2022-10-13 11:53:38','2022-10-13 11:57:54',1377,1,100,''),(208,'Going Home',2,2,NULL,2012,'[{\"download_link\":\"songs\\/February2019\\/FpkTAbNcYwmTJdm2Bs2l.flac\",\"original_name\":\"Tom Day - Tom Day - 2012 Collection - 02 Tom Day - Going Home.flac\"}]',0,'2019-02-28 01:56:09','2022-10-13 02:01:53','2022-10-13 02:01:37','2022-10-13 02:01:53',997,1,100,''),(209,'Start of Something Beautiful',40,57,NULL,2014,'[{\"download_link\":\"songs\\/March2019\\/ZMAG00nJG0dQdtZKU2X9.flac\",\"original_name\":\"Evocativ - Fragmented - 01 Start of Something Beautiful.flac\"}]',0,'2019-03-06 19:49:00','2022-10-13 08:00:47','2022-10-13 07:57:52','2022-10-13 08:00:47',978,1,100,''),(210,'Castaway',40,57,NULL,2014,'[{\"download_link\":\"songs\\/March2019\\/4qMo7SEYLZ60pbYxpaYi.flac\",\"original_name\":\"Evocativ - Fragmented - 02 Castaway.flac\"}]',0,'2019-03-06 19:50:49','2022-10-12 22:34:32','2022-10-12 22:30:25','2022-10-12 22:34:32',1351,1,100,''),(211,'Dulcet',40,57,NULL,2014,'[{\"download_link\":\"songs\\/March2019\\/Pb92BlGfQGrwD0fCDzIk.flac\",\"original_name\":\"Evocativ - Fragmented - 03 Dulcet.flac\"}]',0,'2019-03-06 19:52:43','2022-10-13 00:02:56','2022-10-13 00:00:33','2022-10-13 00:02:56',1353,1,100,''),(212,'Grey',40,57,NULL,2014,'[{\"download_link\":\"songs\\/March2019\\/0ZOoANNxX01ODQ5q6pAk.flac\",\"original_name\":\"Evocativ - Fragmented - 04 Grey.flac\"}]',0,'2019-03-06 19:55:00','2022-10-13 02:06:53','2022-10-13 02:05:04','2022-10-13 02:06:53',981,1,100,''),(213,'Solitude',40,57,NULL,2014,'[{\"download_link\":\"songs\\/March2019\\/Os0XiyEZHShbXcAaLXLF.flac\",\"original_name\":\"Evocativ - Fragmented - 07 Solitude.flac\"}]',0,'2019-03-06 19:59:01','2022-10-13 13:01:28','2022-10-13 12:55:36','2022-10-13 13:01:28',1350,1,100,''),(214,'Timeless',40,57,NULL,2014,'[{\"download_link\":\"songs\\/March2019\\/bzLTJPVIEJ9rikQKgtWL.flac\",\"original_name\":\"Evocativ - Fragmented - 08 Timeless.flac\"}]',0,'2019-03-06 20:00:04','2022-10-13 10:04:41','2022-10-13 10:02:49','2022-10-13 10:04:41',985,1,115,''),(215,'The Lovers, Pt. 2',40,NULL,NULL,2014,'[{\"download_link\":\"songs\\/March2019\\/lFxNaOq2TpM5OBVMSS7E.flac\",\"original_name\":\"Evocativ - The Lovers, Pt. 2.flac\"}]',0,'2019-03-06 20:02:36','2022-10-12 20:09:58','2022-10-12 20:03:40','2022-10-12 20:09:58',1351,1,100,''),(216,'The Lovers, Pt. 3',40,NULL,NULL,2017,'[{\"download_link\":\"songs\\/March2019\\/CY2hU2lwA68OHBbeEaAt.flac\",\"original_name\":\"Evocativ - The Lovers, Pt. 3.flac\"}]',0,'2019-03-07 14:45:09','2022-10-13 06:16:47','2022-10-13 06:11:05','2022-10-13 06:16:47',979,1,100,''),(217,'comeback',41,NULL,NULL,2019,'[{\"download_link\":\"songs\\/March2019\\/J9NPEeZZF3xwSFOolxMn.flac\",\"original_name\":\"Divider - comeback.flac\"}]',0,'2019-03-07 14:50:29','2022-10-13 15:22:09','2022-10-13 15:14:17','2022-10-13 15:22:09',1373,1,100,''),(219,'Renegade (feat. Tom Edwards)',42,58,NULL,2017,'[{\"download_link\":\"songs\\/March2019\\/P3x2aiaLuGn4qyqPPzmd.flac\",\"original_name\":\"Decade Defector - Renegade - 02 Renegade (feat. Tom Edwards).flac\"}]',0,'2019-03-07 14:58:34','2020-05-25 21:18:15','2020-05-25 15:37:37','2020-05-25 15:42:31',248,0,100,NULL),(220,'Dusk',43,59,NULL,2010,'[{\"download_link\":\"songs\\/March2019\\/nv7M6K6WUYTMFqKtYF3r.flac\",\"original_name\":\"Subheim - No Land Called Home - 01 Dusk.flac\"}]',0,'2019-03-07 15:02:45','2022-10-13 16:39:57','2022-10-13 16:33:31','2022-10-13 16:39:57',990,1,100,NULL),(221,'Streets',43,59,NULL,2010,'[{\"download_link\":\"songs\\/March2019\\/W9tOLDTYCFnZdUM8MMVW.flac\",\"original_name\":\"Subheim - No Land Called Home - 02 Streets.flac\"}]',0,'2019-03-07 15:08:15','2022-10-12 21:33:27','2022-10-12 21:27:15','2022-10-12 21:33:27',996,1,100,''),(223,'The Lovers',40,60,6,2013,'[{\"download_link\":\"songs\\/March2019\\/U5JeTyep0MC3OyurhTFj.wav\",\"original_name\":\"Evocativ - The Lovers.wav\"}]',0,'2019-03-07 19:25:24','2022-10-13 16:55:41','2022-10-13 16:51:43','2022-10-13 16:55:41',1349,1,100,''),(224,'Between Fear & Love',43,59,NULL,2010,'[{\"download_link\":\"songs\\/March2019\\/4mkydJMNAFhwDnkd2YMf.flac\",\"original_name\":\"Subheim - No Land Called Home - 05 Between Fear & Love.flac\"}]',0,'2019-03-07 19:58:27','2022-10-13 06:11:05','2022-10-13 06:06:34','2022-10-13 06:11:05',1364,1,100,''),(225,'Counterfeit of Dreams',44,61,NULL,2014,'[{\"download_link\":\"songs\\/March2019\\/Wf6PtVfynwhU4m3aD7qe.flac\",\"original_name\":\"Sleeping Bear - Sleeping Bear - 06 Counterfeit of Dreams.flac\"}]',0,'2019-03-07 21:21:19','2022-10-13 07:48:01','2022-10-13 07:41:41','2022-10-13 07:48:01',990,1,100,''),(226,'The Rise',44,61,NULL,2014,'[{\"download_link\":\"songs\\/March2019\\/Bk5rp4CLN3LySxERIazp.flac\",\"original_name\":\"Sleeping Bear - Sleeping Bear - 01 The Rise.flac\"}]',0,'2019-03-10 20:28:59','2022-10-13 15:14:17','2022-10-13 15:10:55','2022-10-13 15:14:17',978,1,100,''),(227,'Echelon',44,61,NULL,2014,'[{\"download_link\":\"songs\\/March2019\\/lvXSfSjNHP4YctVLGzz7.flac\",\"original_name\":\"Sleeping Bear - Sleeping Bear - 02 Echelon.flac\"}]',0,'2019-03-10 20:30:45','2022-10-12 21:52:55','2022-10-12 21:47:11','2022-10-12 21:52:55',1348,1,60,''),(229,'Gleba',44,61,NULL,2014,'[{\"download_link\":\"songs\\/March2019\\/0mUduIXxf4WbNA6QTFrz.flac\",\"original_name\":\"Sleeping Bear - Sleeping Bear - 04 Gleba.flac\"}]',0,'2019-03-10 20:36:00','2022-10-13 12:37:38','2022-10-13 12:29:39','2022-10-13 12:37:38',1353,1,100,''),(230,'Over the Starlit Horizon',44,61,NULL,2014,'[{\"download_link\":\"songs\\/March2019\\/sVoGyye9XHXqoTsc3jTV.flac\",\"original_name\":\"Sleeping Bear - Sleeping Bear - 05 Over the Starlit Horizon.flac\"}]',0,'2019-03-10 20:38:07','2022-10-13 13:39:29','2022-10-13 13:35:30','2022-10-13 13:39:29',977,1,100,''),(231,'The Age of Man',44,61,NULL,2014,'[{\"download_link\":\"songs\\/March2019\\/JEZRMPHkGxbgMDnlnXG8.flac\",\"original_name\":\"Sleeping Bear - Sleeping Bear - 07 The Age of Man.flac\"}]',0,'2019-03-10 20:44:24','2022-10-13 09:45:53','2022-10-13 09:35:23','2022-10-13 09:45:53',1357,1,100,''),(232,'The Fall',44,61,NULL,2014,'[{\"download_link\":\"songs\\/March2019\\/WRR86LhHxNSA5BvwugKK.flac\",\"original_name\":\"Sleeping Bear - Sleeping Bear - 08 The Fall.flac\"}]',0,'2019-03-10 20:52:38','2022-10-13 05:20:33','2022-10-13 05:14:11','2022-10-13 05:20:33',1351,1,100,''),(233,'Became my heart',19,62,NULL,2018,'[{\"download_link\":\"songs\\/March2019\\/DJ4Dtg6hRKSjZNdvHHux.flac\",\"original_name\":\"Birds Die Alone - Became my heart.flac\"}]',0,'2019-03-10 21:04:02','2022-10-13 05:30:51','2022-10-13 05:28:40','2022-10-13 05:30:51',972,1,100,''),(234,'We are still as far away',19,62,NULL,2018,'[{\"download_link\":\"songs\\/March2019\\/Md9En3WBU44Eu6OMQqp1.flac\",\"original_name\":\"Birds Die Alone - We are still as far away.flac\"}]',0,'2019-03-10 21:14:36','2022-10-13 13:59:33','2022-10-13 13:55:48','2022-10-13 13:59:33',979,1,100,''),(235,'Warrior',45,63,NULL,2016,'[{\"download_link\":\"songs\\/March2019\\/aOuIyubFHQyqd3ZieUdI.flac\",\"original_name\":\"Filip Lackovic - Warrior.flac\"}]',0,'2019-03-11 03:58:08','2022-10-13 08:47:36','2022-10-13 08:45:14','2022-10-13 08:47:36',1372,1,100,''),(236,'Still at star',19,33,NULL,2017,'[{\"download_link\":\"songs\\/March2019\\/ywucsyutE0JsUbaiwcgQ.flac\",\"original_name\":\"Birds Die Alone - Still at star.flac\"}]',0,'2019-03-14 04:32:17','2022-10-13 11:47:49','2022-10-13 11:44:42','2022-10-13 11:47:49',969,1,100,''),(237,'I will definitely return',19,33,NULL,2017,'[{\"download_link\":\"songs\\/March2019\\/HJIG3iAXC1qMqgnDqxKr.flac\",\"original_name\":\"Birds Die Alone - I will definitely return.flac\"}]',0,'2019-03-14 04:36:26','2022-10-12 08:50:45','2022-10-12 08:47:07','2022-10-12 08:50:45',974,1,100,''),(238,'Step down',19,33,NULL,2017,'[{\"download_link\":\"songs\\/March2019\\/1yXDLqLxOlTetO8nMVBF.flac\",\"original_name\":\"Birds Die Alone - Step down.flac\"}]',0,'2019-03-14 04:39:57','2022-10-13 01:26:51','2022-10-13 01:24:14','2022-10-13 01:26:51',976,1,100,''),(239,'Sasha, do you remember 1985?',46,NULL,NULL,2019,'[{\"download_link\":\"songs\\/March2019\\/XFtimPNPIW21WyeOe8lh.flac\",\"original_name\":\"sasha1985.flac\"}]',0,'2019-03-26 14:57:51','2022-10-13 03:00:34','2022-10-13 02:56:14','2022-10-13 03:00:34',1338,1,100,''),(240,'Aelles Fate',47,64,7,2019,'[{\"download_link\":\"songs\\/March2019\\/15psiOc9bLh6nHGdjzDM.flac\",\"original_name\":\"R\\u00fanfell - Vangheimr - 01 Aelles Fate.flac\"}]',0,'2019-03-26 15:27:19','2022-10-12 22:12:13','2022-10-12 22:08:30','2022-10-12 22:12:13',1340,1,100,''),(241,'Farewell Life (feat. Nights Amore)',48,NULL,NULL,2015,'[{\"download_link\":\"songs\\/March2019\\/E1eDIbb3PWZTMlZEvhkL.flac\",\"original_name\":\"Arn Andersson - Farewell Life - Free Download.flac\"}]',0,'2019-03-27 01:27:29','2022-10-12 19:21:40','2022-10-12 19:15:09','2022-10-12 19:21:40',963,1,100,''),(242,'First Light',48,NULL,NULL,2019,'[{\"download_link\":\"songs\\/March2019\\/T00Pod1BpoyKfohgOnGL.flac\",\"original_name\":\"Arn Andersson - First Light.flac\"}]',0,'2019-03-27 01:31:36','2022-10-13 11:20:57','2022-10-13 11:17:10','2022-10-13 11:20:57',1342,1,100,''),(243,'Eternal Space',49,NULL,NULL,2018,'[{\"download_link\":\"songs\\/March2019\\/Qan4FJbwbOOLLjFRrcqM.flac\",\"original_name\":\"Hazy - Eternal Space.flac\"}]',0,'2019-03-27 01:58:13','2022-10-12 16:15:54','2022-10-12 16:08:02','2022-10-12 16:15:54',963,1,100,''),(244,'Courage',49,NULL,NULL,2018,'[{\"download_link\":\"songs\\/March2019\\/VEhDMT5CPpKZvhRCl7Np.flac\",\"original_name\":\"Hazy - Courage.flac\"}]',0,'2019-03-27 01:58:54','2022-10-13 03:10:04','2022-10-13 03:04:33','2022-10-13 03:10:04',1342,1,100,''),(245,'Cosmos',49,NULL,NULL,2018,'[{\"download_link\":\"songs\\/March2019\\/zoh8H36JmcG1Puq0gInD.flac\",\"original_name\":\"Hazy - Cosmos.flac\"}]',0,'2019-03-27 01:59:22','2022-10-13 10:41:20','2022-10-13 10:34:11','2022-10-13 10:41:20',968,1,100,''),(246,'A wild river to take you home',50,65,NULL,2018,'[{\"download_link\":\"songs\\/March2019\\/iJbr1qJCurcQrfSdCvkH.flac\",\"original_name\":\"Black Hill & Silent Island - Tales of the night forest - 01 A wild river to take you home.flac\"}]',0,'2019-03-27 02:10:43','2022-10-13 08:17:04','2022-10-13 08:13:20','2022-10-13 08:17:04',958,1,100,''),(247,'The gathering of deer',50,65,NULL,2018,'[{\"download_link\":\"songs\\/March2019\\/SGvnL5RrNrTdtHLvra7y.flac\",\"original_name\":\"Black Hill & Silent Island - Tales of the night forest - 02 The gathering of deer.flac\"}]',0,'2019-03-27 02:11:18','2022-10-13 14:03:01','2022-10-13 13:59:33','2022-10-13 14:03:01',955,1,100,''),(248,'Hidden Valley',50,65,NULL,2018,'[{\"download_link\":\"songs\\/March2019\\/FCMHS40iWCF7v3nxXYDz.flac\",\"original_name\":\"Black Hill & Silent Island - Tales of the night forest - 03 Hidden Valley.flac\"}]',0,'2019-03-27 02:18:06','2022-10-12 20:32:21','2022-10-12 20:28:59','2022-10-12 20:32:21',1326,1,100,''),(249,'Dawn',50,65,NULL,2018,'[{\"download_link\":\"songs\\/March2019\\/l6NAT3OTJdNj9hC7XfOg.flac\",\"original_name\":\"Black Hill & Silent Island - Tales of the night forest - 04 Dawn.flac\"}]',0,'2019-03-27 02:23:39','2022-10-13 05:57:35','2022-10-13 05:54:35','2022-10-13 05:57:35',955,1,100,''),(250,'Crying wind',50,65,NULL,2018,'[{\"download_link\":\"songs\\/March2019\\/08bgLcRO4UAOsbPpZHQ2.flac\",\"original_name\":\"Black Hill & Silent Island - Tales of the night forest - 05 Crying wind.flac\"}]',0,'2019-03-27 02:26:07','2022-10-13 02:15:04','2022-10-13 02:12:37','2022-10-13 02:15:04',953,1,100,''),(251,'Night in a mossy hut',50,65,NULL,2018,'[{\"download_link\":\"songs\\/March2019\\/5TjUPr4Cg3lCgCnP9EUg.flac\",\"original_name\":\"Black Hill & Silent Island - Tales of the night forest - 06 Night in a mossy hut.flac\"}]',0,'2019-03-27 02:27:19','2022-10-13 11:31:28','2022-10-13 11:28:29','2022-10-13 11:31:28',1328,1,100,''),(252,'The misty veil of May',50,65,NULL,2018,'[{\"download_link\":\"songs\\/March2019\\/i7aGUsJVZ6PFcLJ04YhX.flac\",\"original_name\":\"Black Hill & Silent Island - Tales of the night forest - 08 The misty veil of May.flac\"}]',0,'2019-03-27 02:30:15','2022-10-12 17:48:12','2022-10-12 17:44:40','2022-10-12 17:48:12',952,1,100,''),(253,'Scynheim',47,64,7,2019,'[{\"download_link\":\"songs\\/March2019\\/j3WKOVPYoPxLfLEnNXwQ.flac\",\"original_name\":\"R\\u00fanfell - Vangheimr - 02 Scynheim.flac\"}]',0,'2019-03-27 02:35:21','2022-10-13 00:59:36','2022-10-13 00:55:33','2022-10-13 00:59:36',964,1,100,''),(254,'MEMORY',33,66,NULL,2014,'[{\"download_link\":\"songs\\/March2019\\/faHROZ8zsMHsOUAc8qWj.flac\",\"original_name\":\"Sidewalks and Skeletons - MEMORY [radio edit].flac\"}]',0,'2019-03-27 02:55:48','2022-10-12 22:37:54','2022-10-12 22:34:32','2022-10-12 22:37:54',963,1,100,''),(257,'Battle Of Kings (machinimasound)',51,NULL,NULL,2012,'[{\"download_link\":\"songs\\/April2019\\/yNpiVMdt7BBgSej0YPLz.mp3\",\"original_name\":\"Machinimasound.com_-_Battle_of_Kings.mp3\"}]',0,'2019-04-01 22:26:14','2022-10-13 16:00:49','2022-10-13 15:57:26','2022-10-13 16:00:49',957,1,100,''),(258,'HE NEVER CAME BACK',52,68,NULL,2015,'[{\"download_link\":\"songs\\/May2019\\/y5vRPOoJ9V0ubr3zEa8J.flac\",\"original_name\":\"THE HUNT - HE NEVER CAME BACK.flac\"}]',0,'2019-05-25 10:15:07','2022-10-12 18:54:16','2022-10-12 18:50:49','2022-10-12 18:54:16',1281,1,100,''),(259,'Mist',53,69,NULL,2019,'[{\"download_link\":\"songs\\/May2019\\/A5hnQ5EVqAiI2S3gpcc5.flac\",\"original_name\":\"Stvannyr - Valley of shadows - 01 Mist.flac\"}]',0,'2019-05-29 18:35:21','2022-10-13 02:38:26','2022-10-13 02:36:17','2022-10-13 02:38:26',1261,1,100,''),(260,'Death in the ravine',53,69,NULL,2019,'[{\"download_link\":\"songs\\/May2019\\/F8F64lYnFw49FM2thPLO.flac\",\"original_name\":\"Stvannyr - Valley of shadows - 02 Death in the ravine.flac\"}]',0,'2019-05-29 18:36:06','2022-10-13 06:43:02','2022-10-13 06:37:18','2022-10-13 06:43:02',886,1,100,''),(261,'Emperor Eagle',53,69,NULL,2019,'[{\"download_link\":\"songs\\/May2019\\/meQgP9uHPcVlVsknik0v.flac\",\"original_name\":\"Stvannyr - Valley of shadows - 03 Emperor Eagle.flac\"}]',0,'2019-05-29 18:36:49','2022-10-12 23:39:44','2022-10-12 23:34:20','2022-10-12 23:39:44',884,1,100,''),(262,'Threnody of wind',53,69,NULL,2019,'[{\"download_link\":\"songs\\/May2019\\/RPHACWWJWqG5XlHUXik8.flac\",\"original_name\":\"Stvannyr - Valley of shadows - 04 Threnody of wind.flac\"}]',0,'2019-05-29 18:37:15','2022-10-13 08:37:39','2022-10-13 08:33:00','2022-10-13 08:37:39',886,1,60,NULL),(263,'Dusk',53,69,NULL,2019,'[{\"download_link\":\"songs\\/May2019\\/sqvtc2Ev0d5NmaTkBg4L.flac\",\"original_name\":\"Stvannyr - Valley of shadows - 05 Dusk.flac\"}]',0,'2019-05-29 18:37:49','2022-10-12 17:24:47','2022-10-12 17:23:17','2022-10-12 17:24:47',884,1,100,''),(264,'Wandering mountains',53,69,NULL,2019,'[{\"download_link\":\"songs\\/May2019\\/4hY3QDK1CHGfGe9taP3G.flac\",\"original_name\":\"Stvannyr - Valley of shadows - 06 Wandering mountains.flac\"}]',0,'2019-05-29 18:38:19','2022-10-13 14:39:06','2022-10-13 14:34:01','2022-10-13 14:39:06',1259,1,60,NULL),(265,'Stvannyria',53,69,NULL,2019,'[{\"download_link\":\"songs\\/May2019\\/HcagqHEJ8St3g4iWiCsq.flac\",\"original_name\":\"Stvannyr - Valley of shadows - 07 Stvannyria.flac\"}]',0,'2019-05-29 18:38:56','2022-10-13 13:05:41','2022-10-13 13:01:28','2022-10-13 13:05:41',884,1,100,''),(266,'Carved upon black stone',53,69,NULL,2019,'[{\"download_link\":\"songs\\/May2019\\/6R28alfuiY0HRR8WCHV3.flac\",\"original_name\":\"Stvannyr - Valley of shadows - 08 Carved upon black stone.flac\"}]',0,'2019-05-29 18:39:24','2022-10-12 20:03:40','2022-10-12 19:57:54','2022-10-12 20:03:40',883,1,100,''),(267,'Ideals Are Peaceful',54,70,NULL,2019,'[{\"download_link\":\"songs\\/May2019\\/hzVit9iK6tyXW2XVySBs.flac\",\"original_name\":\"Darkfield - History is Violent - 01 Ideals Are Peaceful.flac\"}]',0,'2019-05-29 18:52:49','2022-10-13 15:02:31','2022-10-13 14:55:55','2022-10-13 15:02:31',1232,1,100,''),(268,'Fade',54,70,NULL,2019,'[{\"download_link\":\"songs\\/May2019\\/cntJiZ8UF1cvWQnl6NN6.flac\",\"original_name\":\"Darkfield - History is Violent - 02 Fade.flac\"}]',0,'2019-05-29 18:54:01','2022-10-13 13:35:30','2022-10-13 13:31:16','2022-10-13 13:35:30',1234,1,100,''),(269,'XXXVIII',54,70,NULL,2019,'[{\"download_link\":\"songs\\/May2019\\/puUEGzQd6cqW07onXnWl.flac\",\"original_name\":\"Darkfield - History is Violent - 03 XXXVIII.flac\"}]',0,'2019-05-29 18:54:33','2022-10-12 21:47:11','2022-10-12 21:41:37','2022-10-12 21:47:11',1238,1,100,''),(270,'The Shimmer',54,70,NULL,2019,'[{\"download_link\":\"songs\\/May2019\\/EU1exENC8O5fMDjWGisk.flac\",\"original_name\":\"Darkfield - History is Violent - 04 The Shimmer.flac\"}]',0,'2019-05-29 18:54:59','2022-10-13 10:34:11','2022-10-13 10:31:33','2022-10-13 10:34:11',1225,1,100,''),(271,'Out of Time',54,70,NULL,2019,'[{\"download_link\":\"songs\\/May2019\\/BsZ84BiiPhfOjojCgIvd.flac\",\"original_name\":\"Darkfield - History is Violent - 05 Out of Time.flac\"}]',0,'2019-05-29 18:55:29','2022-10-12 22:46:44','2022-10-12 22:41:34','2022-10-12 22:46:44',1229,1,100,''),(272,'Blind Eyes',54,70,NULL,2019,'[{\"download_link\":\"songs\\/May2019\\/Ybr6gy8Pbh688Q0wiMBX.flac\",\"original_name\":\"Darkfield - History is Violent - 06 Blind Eyes.flac\"}]',0,'2019-05-29 18:57:04','2022-10-13 01:50:29','2022-10-13 01:46:02','2022-10-13 01:50:29',1230,1,100,''),(273,'Like Meteors',54,70,NULL,2019,'[{\"download_link\":\"songs\\/May2019\\/QMMMrQrM3s8J9y9MeypR.flac\",\"original_name\":\"Darkfield - History is Violent - 07 Like Meteors.flac\"}]',0,'2019-05-29 18:57:34','2022-10-12 19:57:54','2022-10-12 19:53:01','2022-10-12 19:57:54',1236,1,100,''),(274,'Exhale',55,71,NULL,2017,'[{\"download_link\":\"songs\\/June2019\\/Ga4V3JlHBCqh2UHvapke.flac\",\"original_name\":\"Astralia - Solstice - 01 Exhale.flac\"}]',0,'2019-06-26 16:35:14','2021-08-20 01:39:06','2021-08-20 01:30:23','2021-08-20 01:39:06',447,1,100,''),(275,'Out of Nothing',55,71,NULL,2017,'[{\"download_link\":\"songs\\/June2019\\/enTbeM0XgAgdtEZdRIGl.flac\",\"original_name\":\"Astralia - Solstice - 02 Out of Nothing.flac\"}]',0,'2019-06-26 16:36:26','2021-08-20 10:44:43','2021-08-20 10:36:11','2021-08-20 10:44:43',448,1,100,''),(276,'The Örnen',55,71,NULL,2017,'[{\"download_link\":\"songs\\/June2019\\/MeqxiQiZa6BsgnGjoXTT.flac\",\"original_name\":\"Astralia - Solstice - 03 The \\u00d6rnen.flac\"}]',0,'2019-06-26 16:37:03','2021-08-20 08:17:18','2021-08-20 08:11:36','2021-08-20 08:17:18',450,1,100,''),(277,'Abyss of Light',55,71,NULL,2017,'[{\"download_link\":\"songs\\/June2019\\/zIebP76q2osKaj8yeNvV.flac\",\"original_name\":\"Astralia - Solstice - 04 Abyss of Light.flac\"}]',0,'2019-06-26 16:37:34','2021-08-20 04:46:59','2021-08-20 04:40:31','2021-08-20 04:46:59',449,1,100,''),(278,'Detachment',55,71,NULL,2017,'[{\"download_link\":\"songs\\/June2019\\/jXTKmx3Um4xtAOsCPs9r.flac\",\"original_name\":\"Astralia - Solstice - 05 Detachment.flac\"}]',0,'2019-06-26 16:38:13','2021-08-20 07:27:38','2021-08-20 07:19:00','2021-08-20 07:27:38',830,1,100,''),(280,'Solstice',55,71,NULL,2017,'[{\"download_link\":\"songs\\/June2019\\/935o4EmgFZDwvNXCHUco.flac\",\"original_name\":\"Astralia - Solstice - 07 Solstice.flac\"}]',0,'2019-06-26 16:39:46','2021-08-20 10:46:06','2021-08-18 10:21:46','2021-08-18 10:31:22',763,1,100,NULL),(281,'Into the Abyss',56,72,NULL,2019,'[{\"download_link\":\"songs\\/June2019\\/0A2D9PLataIydH8sMqEn.flac\",\"original_name\":\"tisamoo - Into the Abyss.flac\"}]',0,'2019-06-26 16:56:32','2022-10-13 16:21:07','2022-10-13 16:12:46','2022-10-13 16:21:07',864,1,100,'galaxy universe'),(282,'Farewell',57,73,NULL,2019,'[{\"download_link\":\"songs\\/August2019\\/otrtPHGkxiF63sPh3NbQ.flac\",\"original_name\":\"Alnea - The Last - 02 Farewell.flac\"}]',0,'2019-07-13 16:11:08','2022-10-13 14:55:55','2022-10-13 14:49:19','2022-10-13 14:55:55',836,1,100,''),(283,'Sophia (1453)',57,73,NULL,2019,'[{\"download_link\":\"songs\\/July2019\\/gWDAAMargAvn3ogLLP0L.flac\",\"original_name\":\"Alnea - The Last - 01 Sophia (1453).flac\"}]',0,'2019-07-16 03:16:13','2022-10-13 12:20:28','2022-10-13 12:14:29','2022-10-13 12:20:28',1208,1,100,''),(284,'XXII',57,73,NULL,2019,'[{\"download_link\":\"songs\\/July2019\\/yYI3oSv5IOG3IzAzHsEf.flac\",\"original_name\":\"Alnea - The Last - 03 XXII.flac\"}]',0,'2019-07-16 03:16:53','2022-10-13 11:03:21','2022-10-13 11:01:18','2022-10-13 11:03:21',1208,1,100,''),(285,'The Last',57,73,NULL,2019,'[{\"download_link\":\"songs\\/July2019\\/2l5pY0lRV2ZHNkD0W7Jd.flac\",\"original_name\":\"Alnea - The Last - 04 The Last.flac\"}]',0,'2019-07-16 03:17:48','2022-10-13 04:53:23','2022-10-13 04:47:10','2022-10-13 04:53:23',1203,1,100,''),(286,'Ljos',57,73,NULL,2019,'[{\"download_link\":\"songs\\/July2019\\/Oxex6SYEj9x7fTp21aQ6.flac\",\"original_name\":\"Alnea - The Last - 06 Ljos.flac\"}]',0,'2019-07-16 03:19:26','2022-10-12 22:56:50','2022-10-12 22:50:27','2022-10-12 22:56:50',838,1,100,''),(287,'The Arrival (Instrumental)',58,74,NULL,2010,'[{\"download_link\":\"songs\\/August2019\\/7VqZ1MbYnv3R4hMTmytQ.flac\",\"original_name\":\"Zack Hemsey - Empty Room (The Instrumentals) - 01 The Arrival (Instrumental).flac\"}]',0,'2019-08-18 22:13:51','2022-10-13 10:24:00','2022-10-13 10:19:11','2022-10-13 10:24:00',1140,1,100,''),(288,'Remember Me (Instrumental)',58,74,NULL,2010,'[{\"download_link\":\"songs\\/August2019\\/mxmuFPip9r5gruh8QaWp.flac\",\"original_name\":\"Zack Hemsey - Empty Room (The Instrumentals) - 02 Remember Me (Instrumental).flac\"}]',0,'2019-08-18 22:14:26','2022-10-13 08:29:49','2022-10-13 08:24:46','2022-10-13 08:29:49',1140,1,100,''),(289,'Changeling (Instrumental)',58,74,NULL,2010,'[{\"download_link\":\"songs\\/August2019\\/LzcqbIadKN8g6nHyojJb.flac\",\"original_name\":\"Zack Hemsey - Empty Room (The Instrumentals) - 03 Changeling (Instrumental).flac\"}]',0,'2019-08-18 22:14:57','2022-10-13 04:07:36','2022-10-13 04:02:51','2022-10-13 04:07:36',1141,1,100,''),(290,'At War With Me (Instrumental)',58,74,NULL,2010,'[{\"download_link\":\"songs\\/August2019\\/zS0T5lIQgCR979awK8Be.flac\",\"original_name\":\"Zack Hemsey - Empty Room (The Instrumentals) - 04 At War With Me (Instrumental).flac\"}]',0,'2019-08-18 22:15:25','2022-10-13 12:42:43','2022-10-13 12:37:38','2022-10-13 12:42:43',1144,1,100,''),(291,'Empty Room (Instrumental)',58,74,NULL,2010,'[{\"download_link\":\"songs\\/August2019\\/impcehYW5IeA47PHx5zu.flac\",\"original_name\":\"Zack Hemsey - Empty Room (The Instrumentals) - 05 Empty Room (Instrumental).flac\"}]',0,'2019-08-18 22:15:58','2022-10-13 06:33:19','2022-10-13 06:29:49','2022-10-13 06:33:19',1141,1,100,''),(292,'Why (Instrumental)',58,74,NULL,2010,'[{\"download_link\":\"songs\\/August2019\\/QR3rAvX4IkT7yYZoNYeN.flac\",\"original_name\":\"Zack Hemsey - Empty Room (The Instrumentals) - 06 Why (Instrumental).flac\"}]',0,'2019-08-18 22:16:30','2022-10-12 21:07:19','2022-10-12 21:02:40','2022-10-12 21:07:19',1143,1,100,''),(293,'Revelations (Instrumental)',58,74,NULL,2010,'[{\"download_link\":\"songs\\/August2019\\/ZKOiWsCbR7PKQBrn9uSd.flac\",\"original_name\":\"Zack Hemsey - Empty Room (The Instrumentals) - 07 Revelations (Instrumental).flac\"}]',0,'2019-08-18 22:17:23','2022-10-12 22:25:10','2022-10-12 22:19:50','2022-10-12 22:25:10',1141,1,100,''),(294,'The Forgotten (Instrumental)',58,74,NULL,2010,'[{\"download_link\":\"songs\\/August2019\\/rcxIRXg8t2YoHWHL1I0g.flac\",\"original_name\":\"Zack Hemsey - Empty Room (The Instrumentals) - 08 The Forgotten (Instrumental).flac\"}]',0,'2019-08-18 22:17:58','2022-10-13 01:16:21','2022-10-13 01:11:02','2022-10-13 01:16:21',1142,1,100,''),(296,'Guitar Sound',59,75,NULL,2009,'[{\"download_link\":\"songs\\/September2019\\/zYSWZfXUj1p5x8cyNoNB.flac\",\"original_name\":\"[radio edit] Ronald Jenkees - Guitar Sound.flac\"}]',0,'2019-09-16 18:18:42','2022-10-12 19:53:01','2022-10-12 19:48:44','2022-10-12 19:53:01',1121,1,100,''),(297,'Throwing Fire',59,75,NULL,2009,'[{\"download_link\":\"songs\\/September2019\\/ZiKxARSeF8zWDlZetSDA.flac\",\"original_name\":\"[radio edit] Ronald Jenkees - Throwing Fire.flac\"}]',0,'2019-09-16 18:19:06','2022-10-13 02:47:37','2022-10-13 02:42:57','2022-10-13 02:47:37',1124,1,100,''),(298,'I\'ll Keep Coming',60,77,NULL,2014,'[{\"download_link\":\"songs\\/September2019\\/4vqre6maX4LeAsIkBRqR.mp3\",\"original_name\":\"ill-keep-coming.mp3\"}]',0,'2019-09-16 19:04:40','2022-10-13 14:34:01','2022-10-13 14:28:14','2022-10-13 14:34:01',1126,1,100,''),(299,'The Preface',61,78,NULL,2016,'[{\"download_link\":\"songs\\/November2019\\/gixC2auE5h8e5dQVhd8A.flac\",\"original_name\":\"Those Who Ride With Giants - Numinous - 01 The Preface.flac\"}]',0,'2019-11-18 04:09:02','2022-10-13 14:26:14','2022-10-13 14:24:47','2022-10-13 14:26:14',985,1,100,''),(300,'The Scent of the Old Ocean',61,78,NULL,2016,'[{\"download_link\":\"songs\\/November2019\\/npJWckZwok0yxpUYuCFl.flac\",\"original_name\":\"Those Who Ride With Giants - Numinous - 02 The Scent of the Old Ocean.flac\"}]',0,'2019-11-18 04:09:39','2022-10-12 19:34:57','2022-10-12 19:30:37','2022-10-12 19:34:57',987,1,100,''),(301,'The Promise of the Setting Sun',61,78,NULL,2016,'[{\"download_link\":\"songs\\/November2019\\/NmaLMT46FloEbekcWLQ2.flac\",\"original_name\":\"Those Who Ride With Giants - Numinous - 03 The Promise of the Setting Sun.flac\"}]',0,'2019-11-18 04:11:54','2022-10-13 07:11:58','2022-10-13 07:07:57','2022-10-13 07:11:58',989,1,100,''),(302,'The Deepness',61,78,NULL,2016,'[{\"download_link\":\"songs\\/November2019\\/xRBmKVFMJ9t7KN0coEXJ.flac\",\"original_name\":\"Those Who Ride With Giants - Numinous - 04 The Deepness.flac\"}]',0,'2019-11-18 04:14:18','2022-10-13 00:55:33','2022-10-13 00:52:49','2022-10-13 00:55:33',983,1,100,''),(303,'The Guardians of the Deepness',61,78,NULL,2016,'[{\"download_link\":\"songs\\/November2019\\/8G1WRcHMb8k5jg7jNebq.flac\",\"original_name\":\"Those Who Ride With Giants - Numinous - 05 The Guardians of the Deepness.flac\"}]',0,'2019-11-18 04:15:19','2022-10-12 23:46:34','2022-10-12 23:39:44','2022-10-12 23:46:34',985,1,100,''),(304,'The Second Sighting',61,78,NULL,2016,'[{\"download_link\":\"songs\\/November2019\\/Wobf2ZyfqChQ74vspcIa.flac\",\"original_name\":\"Those Who Ride With Giants - Numinous - 06 The Second Sighting.flac\"}]',0,'2019-11-18 04:17:28','2022-10-13 03:12:53','2022-10-13 03:10:04','2022-10-13 03:12:53',983,1,100,''),(305,'The Protection of Night',61,78,NULL,2016,'[{\"download_link\":\"songs\\/November2019\\/NxxOwZMKiHA2hm0k8ywm.flac\",\"original_name\":\"Those Who Ride With Giants - Numinous - 07 The Protection of Night.flac\"}]',0,'2019-11-18 04:18:29','2022-10-13 12:03:06','2022-10-13 11:57:54','2022-10-13 12:03:06',985,1,100,''),(306,'The Encounter against the Moonlight',61,78,NULL,2016,'[{\"download_link\":\"songs\\/November2019\\/NUuBBDdhsjTlr5UQJQc5.flac\",\"original_name\":\"Those Who Ride With Giants - Numinous - 08 The Encounter against the Moonlight.flac\"}]',0,'2019-11-18 04:19:00','2022-10-13 09:19:55','2022-10-13 09:12:29','2022-10-13 09:19:55',990,1,100,''),(307,'The Respect for the Old Beast',61,78,NULL,2016,'[{\"download_link\":\"songs\\/November2019\\/tNdQZoJ0WauxdLi560xS.flac\",\"original_name\":\"Those Who Ride With Giants - Numinous - 09 The Respect for the Old Beast.flac\"}]',0,'2019-11-18 04:19:36','2022-10-13 17:21:17','2022-10-13 17:21:17','2022-10-12 17:23:17',990,1,100,''),(308,'The Final Murmur',61,78,NULL,2016,'[{\"download_link\":\"songs\\/November2019\\/nPZKoruJhG5VIRoJxLgW.flac\",\"original_name\":\"Those Who Ride With Giants - Numinous - 10 The Final Murmur.flac\"}]',0,'2019-11-18 04:19:58','2022-10-13 02:05:04','2022-10-13 02:01:53','2022-10-13 02:05:04',984,1,100,''),(309,'Final Breath',62,79,NULL,2013,'[{\"download_link\":\"songs\\/January2020\\/XXuru4H2fPQKCPsCLbQe.flac\",\"original_name\":\"Break My Fucking Sky - Final Breath (2013) - 01 Final Breath.flac\"}]',0,'2020-01-26 19:01:50','2022-10-13 11:13:41','2022-10-13 11:08:09','2022-10-13 11:13:41',861,1,100,''),(310,'Aquarius',62,79,NULL,2013,'[{\"download_link\":\"songs\\/January2020\\/8l2jPmvT4JabgfDpsgU3.flac\",\"original_name\":\"Break My Fucking Sky - Final Breath (2013) - 02 Aquarius.flac\"}]',0,'2020-01-26 19:02:22','2022-10-13 13:23:22','2022-10-13 13:19:27','2022-10-13 13:23:22',858,1,100,''),(311,'Moon',62,79,NULL,2013,'[{\"download_link\":\"songs\\/January2020\\/2w6RB1TTM9AGY0cuQv4w.flac\",\"original_name\":\"Break My Fucking Sky - Final Breath (2013) - 03 Moon.flac\"}]',0,'2020-01-26 19:02:42','2022-10-13 02:12:37','2022-10-13 02:09:57','2022-10-13 02:12:37',851,1,100,''),(312,'So Silently Has Become In My World Without You',62,79,NULL,2013,'[{\"download_link\":\"songs\\/January2020\\/TsJJm30BpLo4kfRhDixG.flac\",\"original_name\":\"Break My Fucking Sky - Final Breath (2013) - 04 So Silently Has Become In My World Without You.flac\"}]',0,'2020-01-26 19:03:11','2022-10-13 15:57:26','2022-10-13 15:50:05','2022-10-13 15:57:26',862,1,100,''),(313,'Stop the Time',62,79,NULL,2013,'[{\"download_link\":\"songs\\/January2020\\/53wbHillNOfUQmc5ukaV.flac\",\"original_name\":\"Break My Fucking Sky - Final Breath (2013) - 05 Stop the Time.flac\"}]',0,'2020-01-26 19:03:42','2022-10-13 06:26:33','2022-10-13 06:23:42','2022-10-13 06:26:33',859,1,100,''),(314,'Your Personal God',62,79,NULL,2013,'[{\"download_link\":\"songs\\/January2020\\/6mOB6xcLQ5IsciLhhrI6.flac\",\"original_name\":\"Break My Fucking Sky - Final Breath (2013) - 06 Your Personal God.flac\"}]',0,'2020-01-26 19:04:08','2022-10-13 16:59:19','2022-10-13 16:55:41','2022-10-13 16:59:19',863,1,100,''),(315,'Destruam Et Aedificabo',62,79,NULL,2013,'[{\"download_link\":\"songs\\/January2020\\/BeSqrq7NOVabgpod8ZVD.flac\",\"original_name\":\"Break My Fucking Sky - Final Breath (2013) - 07 Destruam Et Aedificabo.flac\"}]',0,'2020-01-26 19:04:29','2022-10-13 00:40:34','2022-10-13 00:37:23','2022-10-13 00:40:34',856,1,100,''),(316,'Do Not Forget Me',62,79,NULL,2013,'[{\"download_link\":\"songs\\/January2020\\/pwO30c9oN7ZuNFbJJL6m.flac\",\"original_name\":\"Break My Fucking Sky - Final Breath (2013) - 08 Do Not Forget Me.flac\"}]',0,'2020-01-26 19:04:53','2022-10-12 20:19:16','2022-10-12 20:16:59','2022-10-12 20:19:16',853,1,100,''),(317,'Embrace My Night',62,79,NULL,2013,'[{\"download_link\":\"songs\\/January2020\\/s0wQGJvwGzZpFVTufQ5C.flac\",\"original_name\":\"Break My Fucking Sky - Final Breath (2013) - 09 Embrace My Night.flac\"}]',0,'2020-01-26 19:05:22','2022-10-12 17:40:26','2022-10-12 17:37:51','2022-10-12 17:40:26',858,1,100,''),(318,'Fire All Over',62,79,NULL,2013,'[{\"download_link\":\"songs\\/January2020\\/HVtCMrToIsrCrEJZQtix.flac\",\"original_name\":\"Break My Fucking Sky - Final Breath (2013) - 10 Fire All Over.flac\"}]',0,'2020-01-26 19:05:45','2022-10-13 04:56:42','2022-10-13 04:53:23','2022-10-13 04:56:42',860,1,100,''),(319,'You\'re Living This Moment With Me',62,79,NULL,2013,'[{\"download_link\":\"songs\\/January2020\\/0Hnanxqkg6hDaaAZalI1.flac\",\"original_name\":\"Break My Fucking Sky - Final Breath (2013) - 11 You\'re Living This Moment With Me.flac\"}]',0,'2020-01-26 19:06:08','2022-10-13 12:14:29','2022-10-13 12:10:29','2022-10-13 12:14:29',862,1,100,''),(320,'Second Chance',62,79,NULL,2013,'[{\"download_link\":\"songs\\/January2020\\/Ztprn39ZdgyBwj1DGywL.flac\",\"original_name\":\"Break My Fucking Sky - Final Breath (2013) - 12 Second Chance.flac\"}]',0,'2020-01-26 19:06:25','2022-10-13 03:27:39','2022-10-13 03:24:10','2022-10-13 03:27:39',856,1,100,''),(321,'Sense of Touch',62,79,NULL,2013,'[{\"download_link\":\"songs\\/January2020\\/LXi45kjm7dT8g7Ka7Yl0.flac\",\"original_name\":\"Break My Fucking Sky - Final Breath (2013) - 13 Sense of Touch.flac\"}]',0,'2020-01-26 19:06:50','2022-10-13 08:05:09','2022-10-13 08:00:47','2022-10-13 08:05:09',855,1,100,''),(322,'The Last Minutes of Stars',62,79,NULL,2013,'[{\"download_link\":\"songs\\/January2020\\/A4LpAzs9D6qgL2Om5R7d.flac\",\"original_name\":\"Break My Fucking Sky - Final Breath (2013) - 14 The Last Minutes of Stars.flac\"}]',0,'2020-01-26 19:07:08','2022-10-13 10:10:22','2022-10-13 10:04:41','2022-10-13 10:10:22',861,1,95,''),(323,'Will You Save Me',62,79,NULL,2013,'[{\"download_link\":\"songs\\/January2020\\/rT3iGWbRw3J8NZrXRaZv.flac\",\"original_name\":\"Break My Fucking Sky - Final Breath (2013) - 15 Will You Save Me.flac\"}]',0,'2020-01-26 19:07:28','2022-10-12 23:10:33','2022-10-12 23:04:43','2022-10-12 23:10:33',860,1,100,''),(324,'When We Were Kids',1,80,1,2020,'[{\"download_link\":\"songs\\/February2020\\/IahtA94psU3Ospj3HhAj.flac\",\"original_name\":\"Daniel Lehmann - Midnight Meditations - 01 When We Were Kids.flac\"}]',0,'2020-02-25 22:58:59','2022-10-13 05:23:55','2022-10-13 05:20:33','2022-10-13 05:23:55',638,1,100,'fawn'),(325,'Sacred',1,80,1,2020,'[{\"download_link\":\"songs\\/February2020\\/QwDPL9WQK61guV25mMqI.flac\",\"original_name\":\"Daniel Lehmann - Midnight Meditations - 02 Sacred.flac\"}]',0,'2020-02-25 22:59:25','2022-10-12 11:44:09','2022-10-12 11:40:47','2022-10-12 11:44:09',647,1,100,''),(326,'Neverending',1,80,1,2020,'[{\"download_link\":\"songs\\/February2020\\/Zbuq0hdl4GU8HoDop482.flac\",\"original_name\":\"Daniel Lehmann - Midnight Meditations - 03 Neverending.flac\"}]',0,'2020-02-25 23:00:02','2022-10-12 02:31:12','2022-10-12 02:27:50','2022-10-12 02:31:12',638,1,100,''),(327,'Addictive Sadness',1,80,1,2020,'[{\"download_link\":\"songs\\/February2020\\/tQhcfdiTGQxCnpQiN22j.flac\",\"original_name\":\"Daniel Lehmann - Midnight Meditations - 04 Addictive Sadness.flac\"}]',0,'2020-02-25 23:00:45','2022-10-11 05:44:11','2022-10-11 05:41:24','2022-10-11 05:44:11',645,1,100,''),(328,'Mystique',1,80,1,2020,'[{\"download_link\":\"songs\\/February2020\\/AU6mwTpRIxqHE8yUDSv0.flac\",\"original_name\":\"Daniel Lehmann - Midnight Meditations - 05 Mystique.flac\"}]',0,'2020-02-25 23:01:11','2022-10-13 00:19:32','2022-10-13 00:15:20','2022-10-13 00:19:32',642,1,100,''),(329,'Runaway',1,80,1,2020,'[{\"download_link\":\"songs\\/February2020\\/n4QIiNlgLtUeMKzR1aXN.flac\",\"original_name\":\"Daniel Lehmann - Midnight Meditations - 06 Runaway.flac\"}]',0,'2020-02-25 23:01:39','2022-10-11 18:15:13','2022-10-11 18:12:03','2022-10-11 18:15:13',633,1,100,''),(330,'The Last Relapse',1,80,1,2020,'[{\"download_link\":\"songs\\/February2020\\/v9PNTQ3DZWfYiG1py84x.flac\",\"original_name\":\"Daniel Lehmann - Midnight Meditations - 07 The Last Relapse.flac\"}]',0,'2020-02-25 23:02:05','2022-10-11 19:16:54','2022-10-11 19:13:11','2022-10-11 19:16:54',645,1,100,''),(331,'Luminance',1,80,1,2020,'[{\"download_link\":\"songs\\/February2020\\/iJ9VEzGrjHFoCY6iEgjK.flac\",\"original_name\":\"Daniel Lehmann - Midnight Meditations - 08 Luminance.flac\"}]',0,'2020-02-25 23:02:53','2022-10-12 18:03:51','2022-10-12 18:00:54','2022-10-12 18:03:51',642,1,100,''),(332,'Sleepers',1,80,1,2020,'[{\"download_link\":\"songs\\/February2020\\/MQ9J3viJYri0ezBpfJfY.flac\",\"original_name\":\"Daniel Lehmann - Midnight Meditations - 09 Sleepers.flac\"}]',0,'2020-02-25 23:03:25','2022-10-12 07:34:40','2022-10-12 07:31:31','2022-10-12 07:34:40',644,1,100,''),(333,'Illusion',1,80,1,2020,'[{\"download_link\":\"songs\\/February2020\\/mFTdMJA5cyl9gBoLoO2M.flac\",\"original_name\":\"Daniel Lehmann - Midnight Meditations - 10 Illusion.flac\"}]',0,'2020-02-25 23:03:49','2022-10-12 22:15:42','2022-10-12 22:12:13','2022-10-12 22:15:42',639,1,100,''),(334,'Loner',1,80,1,2020,'[{\"download_link\":\"songs\\/February2020\\/82v2kzfkG8274mAVVRLV.flac\",\"original_name\":\"Daniel Lehmann - Midnight Meditations - 11 Loner.flac\"}]',0,'2020-02-25 23:04:10','2022-10-11 15:09:23','2022-10-11 15:05:28','2022-10-11 15:09:23',632,1,100,''),(335,'Soulfly',1,80,1,2020,'[{\"download_link\":\"songs\\/February2020\\/EXTMmL9Or57AtrZJF51x.flac\",\"original_name\":\"Daniel Lehmann - Midnight Meditations - 12 Soulfly.flac\"}]',0,'2020-02-25 23:05:03','2022-10-12 08:31:42','2022-10-12 08:28:55','2022-10-12 08:31:42',639,1,100,''),(336,'Rewind',1,80,1,2020,'[{\"download_link\":\"songs\\/February2020\\/rBDji8ubJWxf5CfL4FkT.flac\",\"original_name\":\"Daniel Lehmann - Midnight Meditations - 13 Rewind.flac\"}]',0,'2020-02-25 23:05:34','2022-10-12 10:39:51','2022-10-12 10:34:40','2022-10-12 10:39:51',647,1,100,''),(337,'Skylda',25,NULL,7,2020,'[{\"download_link\":\"songs\\/May2020\\/LVS8lcjeHzgDAMe8Fk0S.flac\",\"original_name\":\"Danheim - Skylda.flac\"}]',0,'2020-05-24 20:48:51','2022-10-12 21:27:15','2022-10-12 21:22:38','2022-10-12 21:27:15',670,1,100,NULL),(338,'A New Beginning',54,81,NULL,2020,'[{\"download_link\":\"songs\\/June2020\\/ZRw2CpOhjHxoLqwHOH7V.flac\",\"original_name\":\"Darkfield - Carry Us Away - 01 A New Beginning.flac\"}]',0,'2020-06-24 16:56:40','2022-10-13 07:19:51','2022-10-13 07:17:07','2022-10-13 07:19:51',696,1,100,NULL),(339,'Phoenix Down',54,81,NULL,2020,'[{\"download_link\":\"songs\\/June2020\\/CTu45BhPsmQUlOhGMzF6.flac\",\"original_name\":\"Darkfield - Carry Us Away - 02 Phoenix Down.flac\"}]',0,'2020-06-24 17:07:19','2022-10-13 12:26:02','2022-10-13 12:20:28','2022-10-13 12:26:02',698,1,100,NULL),(340,'Echoes',54,81,NULL,2020,'[{\"download_link\":\"songs\\/June2020\\/nFH7Z3XZXI4RL8TEZ3lM.flac\",\"original_name\":\"Darkfield - Carry Us Away - 03 Echoes.flac\"}]',0,'2020-06-24 17:35:03','2022-10-13 04:02:51','2022-10-13 03:59:20','2022-10-13 04:02:51',693,1,100,NULL),(341,'Halcyon',54,81,NULL,2020,'[{\"download_link\":\"songs\\/June2020\\/TJ3wvFknzfFgh7zUwVns.flac\",\"original_name\":\"Darkfield - Carry Us Away - 04 Halcyon.flac\"}]',0,'2020-06-24 17:39:58','2022-10-12 09:31:27','2022-10-12 09:26:35','2022-10-12 09:31:27',695,1,100,NULL),(342,'Bloom',54,81,NULL,2020,'[{\"download_link\":\"songs\\/June2020\\/ABT9ONrPeOuw7Xdece0o.flac\",\"original_name\":\"Darkfield - Carry Us Away - 05 Bloom.flac\"}]',0,'2020-06-24 17:45:17','2022-10-13 05:40:54','2022-10-13 05:36:22','2022-10-13 05:40:54',696,1,100,NULL),(343,'The Outsider',54,81,NULL,2020,'[{\"download_link\":\"songs\\/June2020\\/23PLh9dLlSNzITsRrKte.flac\",\"original_name\":\"Darkfield - Carry Us Away - 06 The Outsider.flac\"}]',0,'2020-06-24 17:48:51','2022-10-13 08:45:14','2022-10-13 08:40:54','2022-10-13 08:45:14',698,1,100,NULL),(344,'Back to the Sky',54,81,NULL,2020,'[{\"download_link\":\"songs\\/June2020\\/qpfn5GQD6JLy7yD8pmFf.flac\",\"original_name\":\"Darkfield - Carry Us Away - 08 Back to the Sky.flac\"}]',0,'2020-06-24 17:56:00','2022-10-13 16:08:32','2022-10-13 16:03:53','2022-10-13 16:08:32',696,1,100,NULL),(345,'Mercurio',63,82,NULL,2019,'[{\"download_link\":\"songs\\/July2020\\/LRzIIlK2FNrZpjoBCis8.flac\",\"original_name\":\"Australasia - Mercurio \\u2022 Argento - 01 Mercurio.flac\"}]',0,'2020-07-30 18:36:25','2022-10-13 03:51:17','2022-10-13 03:45:22','2022-10-13 03:51:17',691,1,100,'galaxy universe'),(346,'Argento',63,82,NULL,2019,'[{\"download_link\":\"songs\\/July2020\\/g2CVKRXgAWJOUOQJITX5.flac\",\"original_name\":\"Australasia - Mercurio \\u2022 Argento - 02 Argento.flac\"}]',0,'2020-07-30 18:36:53','2022-10-13 01:04:56','2022-10-13 00:59:36','2022-10-13 01:04:56',695,1,100,'galaxy universe'),(347,'Old​-​World',64,NULL,NULL,2021,'[{\"download_link\":\"songs\\/June2021\\/FJrlyoAMxxxnMfJPzw14.flac\",\"original_name\":\"Tears of Technology - Old-World.flac\"}]',0,'2021-06-26 16:04:54','2022-10-13 00:13:14','2022-10-13 00:07:03','2022-10-13 00:13:14',468,1,100,NULL),(348,'The Hill Of Swords',1,83,1,2021,'[{\"download_link\":\"songs\\/June2021\\/LRaApO1vSk9wMNof1xeD.flac\",\"original_name\":\"Daniel Lehmann - GRVMND - 01 The Hill Of Swords.flac\"}]',0,'2021-06-26 16:12:04','2022-10-13 07:26:00','2022-10-13 07:19:51','2022-10-13 07:26:00',291,1,100,NULL),(349,'Last Man Standing',1,83,1,2021,'[{\"download_link\":\"songs\\/June2021\\/EY4f40nFbd8ayr3dIQVR.flac\",\"original_name\":\"Daniel Lehmann - GRVMND - 02 Last Man Standing.flac\"}]',0,'2021-06-26 16:15:46','2022-10-12 19:11:14','2022-10-12 19:02:52','2022-10-12 19:11:14',287,1,100,NULL),(350,'Stay The Course',1,83,1,2021,'[{\"download_link\":\"songs\\/June2021\\/Pa3hCjnfj7t4BnQwgryQ.flac\",\"original_name\":\"Daniel Lehmann - GRVMND - 03 Stay The Course.flac\"}]',0,'2021-06-26 16:17:16','2022-10-12 23:18:15','2022-10-12 23:14:38','2022-10-12 23:18:15',292,1,100,NULL),(351,'Ghost World',1,83,1,2021,'[{\"download_link\":\"songs\\/June2021\\/TJwXy4y5jxPMcpEHY6Xp.flac\",\"original_name\":\"Daniel Lehmann - GRVMND - 04 Ghost World.flac\"}]',0,'2021-06-26 16:22:01','2022-10-13 11:28:30','2022-10-13 11:25:22','2022-10-13 11:28:29',287,1,100,NULL),(352,'Versus The World',1,83,1,2021,'[{\"download_link\":\"songs\\/June2021\\/8OQIJQV8mGrd0XzqUodD.flac\",\"original_name\":\"Daniel Lehmann - GRVMND - 06 Versus The World.flac\"}]',0,'2021-06-26 16:25:14','2022-10-13 16:33:31','2022-10-13 16:26:36','2022-10-13 16:33:31',296,1,100,NULL),(353,'The Lonely Road',1,83,1,2021,'[{\"download_link\":\"songs\\/June2021\\/FJKs5fCWopBuZpXdJSJg.flac\",\"original_name\":\"Daniel Lehmann - GRVMND - 07 The Lonely Road.flac\"}]',0,'2021-06-26 16:27:15','2022-10-12 09:35:43','2022-10-12 09:31:27','2022-10-12 09:35:43',295,1,100,NULL),(354,'The Verge',1,83,1,2021,'[{\"download_link\":\"songs\\/June2021\\/KR5iNyXgEgUeG5mTLk5K.flac\",\"original_name\":\"Daniel Lehmann - GRVMND - 09 The Verge.flac\"}]',0,'2021-06-26 16:33:18','2022-10-11 04:45:40','2022-10-11 04:40:18','2022-10-11 04:45:40',291,1,100,NULL),(356,'Solivagant (Original Mix)',64,NULL,NULL,2019,'[{\"download_link\":\"songs\\/June2021\\/ifErLy0QRLwpDcLEt3Sm.flac\",\"original_name\":\"Tears of Technology - Solivagant (Original Mix).flac\"}]',0,'2021-06-28 17:39:21','2022-10-12 23:04:43','2022-10-12 22:56:50','2022-10-12 23:04:43',467,1,100,NULL),(357,'Perfect Silence',65,84,9,2009,'[{\"download_link\":\"songs\\/August2021\\/dXP1Bmip8tKSl7uLWGQc.mp3\",\"original_name\":\"Parks - Hidden - 08 Perfect Silence.mp3\"}]',0,'2021-08-18 03:54:14','2022-10-12 22:03:22','2022-10-12 21:52:55','2022-10-12 22:03:22',416,1,100,NULL),(358,'Days',65,84,9,2009,'[{\"download_link\":\"songs\\/August2021\\/bs9lOsOU3LVJUzxXcQpA.mp3\",\"original_name\":\"Parks - Hidden - 04 Days.mp3\"}]',0,'2021-08-18 03:54:40','2022-10-13 05:10:16','2022-10-13 05:02:00','2022-10-13 05:10:16',415,1,100,NULL),(359,'Light On Mountain',65,84,9,2009,'[{\"download_link\":\"songs\\/August2021\\/tRvVfInkKQgpRS6GlOpW.flac\",\"original_name\":\"Parks - Light On Mountain fixed.flac\"}]',0,'2021-08-26 06:31:54','2022-10-13 03:45:22','2022-10-13 03:36:19','2022-10-13 03:45:22',405,1,100,NULL),(360,'Kumite',1,85,1,2022,'[{\"download_link\":\"songs\\/January2022\\/OYRo1iXxFAGtXnRjdwuy.flac\",\"original_name\":\"Daniel Lehmann - Nascent - 02 Kumite.flac\"}]',0,'2022-01-26 19:33:43','2022-10-13 02:18:24','2022-10-13 02:15:04','2022-10-13 02:18:24',132,1,100,NULL),(361,'Spirits',1,85,1,2022,'[{\"download_link\":\"songs\\/January2022\\/RB6x32h7kZ0UrIRgFxh2.flac\",\"original_name\":\"Daniel Lehmann - Nascent - 03 Spirits.flac\"}]',0,'2022-01-26 19:35:41','2022-10-11 02:41:13','2022-10-11 02:38:07','2022-10-11 02:41:13',134,1,100,NULL),(362,'Spirit Warrior',1,85,1,2022,'[{\"download_link\":\"songs\\/January2022\\/JeKzq2zVnmVAwa0LTUwF.flac\",\"original_name\":\"Daniel Lehmann - Nascent - 04 Spirit Warrior.flac\"}]',0,'2022-01-26 19:36:42','2022-10-12 01:30:34','2022-10-12 01:25:51','2022-10-12 01:30:34',135,1,100,NULL),(363,'Stargazer',1,85,1,2022,'[{\"download_link\":\"songs\\/January2022\\/x2NINgYQF2FfpJ9cQV0r.flac\",\"original_name\":\"Daniel Lehmann - Nascent - 05 Stargazer.flac\"}]',0,'2022-01-26 19:38:06','2022-10-13 03:15:39','2022-10-13 03:12:53','2022-10-13 03:15:39',127,1,100,NULL),(364,'Nevermore',1,85,1,2022,'[{\"download_link\":\"songs\\/January2022\\/jEh5zHFAXpyyYYjNdmpu.flac\",\"original_name\":\"Daniel Lehmann - Nascent - 06 Nevermore.flac\"}]',0,'2022-01-26 19:38:54','2022-10-13 12:29:39','2022-10-13 12:26:02','2022-10-13 12:29:39',137,1,100,NULL),(365,'MCMLXXXIII',9,86,NULL,2019,'[{\"download_link\":\"songs\\/March2022\\/hORiKNroTzLaAztlAjdQ.flac\",\"original_name\":\"ERRORIST - REMINISCENCE - 02 MCMLXXXIII.flac\"}]',0,'2022-03-01 01:46:47','2022-10-13 14:20:52','2022-10-13 14:16:15','2022-10-13 14:20:52',219,1,100,NULL),(366,'Back To Earth',9,86,NULL,2019,'[{\"download_link\":\"songs\\/March2022\\/ewT9SqEFGuMMvY1nmsbJ.flac\",\"original_name\":\"ERRORIST - REMINISCENCE - 03 Back To Earth.flac\"}]',0,'2022-03-01 01:50:37','2022-10-13 07:00:34','2022-10-13 06:56:05','2022-10-13 07:00:34',218,1,100,NULL),(367,'Angel',9,86,NULL,2019,'[{\"download_link\":\"songs\\/March2022\\/J3MTmT3FhW3NocWEHKOw.flac\",\"original_name\":\"ERRORIST - REMINISCENCE - 04 Angel.flac\"}]',0,'2022-03-01 01:51:16','2022-10-12 22:30:25','2022-10-12 22:25:10','2022-10-12 22:30:25',219,1,100,NULL),(368,'Salem',9,86,NULL,2019,'[{\"download_link\":\"songs\\/March2022\\/K4CPWHDL9H52e7ar8Pni.flac\",\"original_name\":\"ERRORIST - REMINISCENCE - 05 Salem.flac\"}]',0,'2022-03-01 01:51:46','2022-10-12 20:28:59','2022-10-12 20:23:21','2022-10-12 20:28:59',220,1,100,NULL),(369,'Isolated',9,86,NULL,2019,'[{\"download_link\":\"songs\\/March2022\\/Uhhkygr6zfXUBv0XI6S5.flac\",\"original_name\":\"ERRORIST - REMINISCENCE - 06 Isolated.flac\"}]',0,'2022-03-01 01:52:15','2022-10-13 03:21:10','2022-10-13 03:15:39','2022-10-13 03:21:10',219,1,100,NULL),(370,'Thoughts',9,86,NULL,2019,'[{\"download_link\":\"songs\\/March2022\\/RPpf5FPsyQs3AkXeguZE.flac\",\"original_name\":\"ERRORIST - REMINISCENCE - 07 Thoughts.flac\"}]',0,'2022-03-01 01:52:42','2022-10-13 08:51:48','2022-10-13 08:47:36','2022-10-13 08:51:48',220,1,100,NULL),(371,'Gaze Into Heaven',9,86,NULL,2019,'[{\"download_link\":\"songs\\/March2022\\/0xM9hvt02KIxubqwKRV9.flac\",\"original_name\":\"ERRORIST - REMINISCENCE - 08 Gaze Into Heaven.flac\"}]',0,'2022-03-01 01:53:15','2022-10-13 00:33:46','2022-10-13 00:27:33','2022-10-13 00:33:46',221,1,100,NULL),(372,'XLR8',9,86,NULL,2019,'[{\"download_link\":\"songs\\/March2022\\/7bEz8wCzSibUA9wR6ZBN.flac\",\"original_name\":\"ERRORIST - REMINISCENCE - 09 XLR8.flac\"}]',0,'2022-03-01 01:53:45','2022-10-13 04:38:32','2022-10-13 04:33:09','2022-10-13 04:38:32',219,1,100,NULL),(373,'Radical',9,86,NULL,2019,'[{\"download_link\":\"songs\\/March2022\\/XAX8rsXw781gAhNomrEm.flac\",\"original_name\":\"ERRORIST - REMINISCENCE - 10 Radical.flac\"}]',0,'2022-03-01 01:54:21','2022-10-13 12:10:29','2022-10-13 12:06:42','2022-10-13 12:10:29',221,1,100,NULL),(374,'Wings Of Time',9,86,NULL,2019,'[{\"download_link\":\"songs\\/March2022\\/n7vu1xpH6G8ILaRfOWrs.flac\",\"original_name\":\"ERRORIST - REMINISCENCE - 11 Wings Of Time.flac\"}]',0,'2022-03-01 01:55:00','2022-10-13 17:21:17','2022-10-13 17:17:03','2022-10-13 17:21:17',220,1,100,NULL),(375,'3 Years',9,86,NULL,2019,'[{\"download_link\":\"songs\\/March2022\\/gKmli3tZ4vemSmjdJLuQ.flac\",\"original_name\":\"ERRORIST - REMINISCENCE - 12 3 Years.flac\"}]',0,'2022-03-01 01:55:29','2022-10-13 10:31:33','2022-10-13 10:28:25','2022-10-13 10:31:33',223,1,100,NULL),(376,'You see the one - you see them all',66,NULL,NULL,2022,'[{\"download_link\":\"songs\\/September2022\\/yoKEKD8jFrnPsOEa1IJm.wav\",\"original_name\":\"You see the one - you see them all ;-).wav\"}]',0,'2022-09-04 13:38:44','2022-10-13 01:24:14','2022-10-13 01:21:25','2022-10-13 01:24:14',41,1,100,'stars'),(377,'From The Depths',1,87,1,2022,'[{\"download_link\":\"songs\\/October2022\\/c7SNNGUnie05y6OafpnJ.flac\",\"original_name\":\"Daniel Lehmann - Themes From The Void - 01 From The Depths.flac\"}]',0,'2022-10-03 22:18:20','2022-10-11 22:30:32','2022-10-11 22:27:40','2022-10-11 22:30:32',4,1,100,NULL),(378,'Arrows, Rifles, Spears And Swords',1,87,1,2022,'[{\"download_link\":\"songs\\/October2022\\/FERYdT7l1qQFqyMkSwXB.flac\",\"original_name\":\"Daniel Lehmann - Themes From The Void - 02 Arrows, Rifles, Spears And Swords.flac\"}]',0,'2022-10-03 22:18:58','2022-10-13 04:22:12','2022-10-13 04:16:59','2022-10-13 04:22:12',4,1,100,NULL),(379,'A Mind Torn Asunder',1,87,1,2022,'[{\"download_link\":\"songs\\/October2022\\/fnREZXiYPrADApjqK5Ux.flac\",\"original_name\":\"Daniel Lehmann - Themes From The Void - 03 A Mind Torn Asunder.flac\"}]',0,'2022-10-03 22:30:58','2022-10-12 04:29:16','2022-10-12 04:25:47','2022-10-12 04:29:16',4,1,100,NULL),(380,'For Good',1,87,1,2022,'[{\"download_link\":\"songs\\/October2022\\/H4mEOl1YaW9DrWnHRtm4.flac\",\"original_name\":\"Daniel Lehmann - Themes From The Void - 04 For Good.flac\"}]',0,'2022-10-03 22:31:39','2022-10-13 10:28:25','2022-10-13 10:24:00','2022-10-13 10:28:25',5,1,100,NULL),(381,'Game Over',1,87,1,2022,'[{\"download_link\":\"songs\\/October2022\\/pS6d6UW5bKlyVwl2PKoA.flac\",\"original_name\":\"Daniel Lehmann - Themes From The Void - 06 Game Over.flac\"}]',0,'2022-10-03 22:33:59','2022-10-12 21:14:58','2022-10-12 21:12:13','2022-10-12 21:14:58',5,1,100,NULL),(382,'Datacore',1,87,1,2022,'[{\"download_link\":\"songs\\/October2022\\/CTwG6LBnBIFhpGhOvLaI.flac\",\"original_name\":\"Daniel Lehmann - Themes From The Void - 09 Datacore.flac\"}]',0,'2022-10-03 22:35:21','2022-10-13 15:29:19','2022-10-13 15:26:23','2022-10-13 15:29:19',5,1,100,NULL),(383,'Senzu Bean',1,87,1,2022,'[{\"download_link\":\"songs\\/October2022\\/8pQEk7yRAofTCrjYxWN8.flac\",\"original_name\":\"Daniel Lehmann - Themes From The Void - 11 Senzu Bean.flac\"}]',0,'2022-10-03 22:36:56','2022-10-13 08:24:46','2022-10-13 08:21:34','2022-10-13 08:24:46',4,1,100,NULL),(384,'Through Rough Seas',1,87,1,2022,'[{\"download_link\":\"songs\\/October2022\\/BEUqLEMrG11PmeoiuEJD.flac\",\"original_name\":\"Daniel Lehmann - Themes From The Void - 12 Through Rough Seas.flac\"}]',0,'2022-10-03 22:38:52','2022-10-11 16:07:40','2022-10-11 16:03:48','2022-10-11 16:07:40',4,1,100,NULL),(385,'Dante\'s Demons',1,87,1,2022,'[{\"download_link\":\"songs\\/October2022\\/d2uub6hBOT6Q2gi2gWE2.flac\",\"original_name\":\"Daniel Lehmann - Themes From The Void - 15 Dante\'s Demons.flac\"}]',0,'2022-10-03 22:43:27','2022-10-11 12:59:35','2022-10-11 12:55:54','2022-10-11 12:59:35',4,1,100,NULL),(386,'Through The Night',1,87,1,2022,'[{\"download_link\":\"songs\\/October2022\\/AxLTsRetakH25nsXTIUU.flac\",\"original_name\":\"Daniel Lehmann - Themes From The Void - 16 Through The Night.flac\"}]',0,'2022-10-03 23:49:04','2022-10-10 20:28:59','2022-10-10 20:25:52','2022-10-10 20:28:59',4,1,100,NULL),(387,'The Hill Of Swords - As I Prevail',1,87,1,2022,'[{\"download_link\":\"songs\\/October2022\\/kp7UAYwPmPBSb48KeSMR.flac\",\"original_name\":\"Daniel Lehmann - Themes From The Void - 17 The Hill Of Swords - As I Prevail.flac\"}]',0,'2022-10-03 23:49:54','2022-10-12 00:30:08','2022-10-12 00:24:25','2022-10-12 00:30:08',4,1,100,NULL),(388,'Vortex In Reverse',1,87,1,2022,'[{\"download_link\":\"songs\\/October2022\\/MQstKFwAAYXB7yRhvHDp.flac\",\"original_name\":\"Daniel Lehmann - Themes From The Void - 18 Vortex In Reverse.flac\"}]',0,'2022-10-03 23:51:33','2022-10-13 13:31:16','2022-10-13 13:26:55','2022-10-13 13:31:16',4,1,100,NULL),(389,'Going Home',1,87,1,2022,'[{\"download_link\":\"songs\\/October2022\\/QOpBYlUtiE6hvlrneLsC.flac\",\"original_name\":\"Daniel Lehmann - Themes From The Void - 19 Going Home.flac\"}]',0,'2022-10-03 23:52:17','2022-10-11 17:10:17','2022-10-11 17:07:17','2022-10-11 17:10:17',4,1,100,NULL),(390,'Through Decades',1,87,1,2022,'[{\"download_link\":\"songs\\/October2022\\/VkXjCNMij5vDIYr49Fgn.flac\",\"original_name\":\"Daniel Lehmann - Themes From The Void - 20 Through Decades.flac\"}]',0,'2022-10-03 23:53:51','2022-10-12 17:05:14','2022-10-12 16:59:38','2022-10-12 17:05:14',4,1,100,NULL);
/*!40000 ALTER TABLE `songs` ENABLE KEYS */;
UNLOCK TABLES;

/*!40103 SET TIME_ZONE=@OLD_TIME_ZONE */;

/*!40101 SET SQL_MODE=@OLD_SQL_MODE */;
/*!40014 SET FOREIGN_KEY_CHECKS=@OLD_FOREIGN_KEY_CHECKS */;
/*!40101 SET CHARACTER_SET_CLIENT=@OLD_CHARACTER_SET_CLIENT */;
/*!40101 SET CHARACTER_SET_RESULTS=@OLD_CHARACTER_SET_RESULTS */;
/*!40101 SET COLLATION_CONNECTION=@OLD_COLLATION_CONNECTION */;
/*!40111 SET SQL_NOTES=@OLD_SQL_NOTES */;

-- Dump completed on 2022-10-13 23:24:27
